제품명_정제,카테고리
25년형 헤르젠쌀냉장고aicare,가전
agk nordic karu 음식물 처리기,가전
agk nordic 까루 음식물 처리기,가전
agk 써큘레이터,가전
agk 쿠킹믹서,가전
agk 퀵클린 bldc 무선청소기,가전
agk 킵온 디지털 써큘레이터,가전
am 멀티 블렌더 bl500ab,가전
hc 엑슬림 제로 초고속 블랜더,가전
hc해피콜 엑슬림 제로,가전
lg전자 lg 통돌이 ai 세탁기 블랙 셰퍼블렌더,가전
zeus 제우스 드림 오토 빔프로젝터 l1000,가전
극세사패드2장 한경희 스팀청소기,가전
내솥1 쿠쿠 메탈릭에코 전기압력밥솥,가전
노비타 예스 리모컨 방수비데1,가전
노이시스 플로리오 로봇청소기 f10 pro,가전
뉴메이슨 청담187 무선 헤어스타일러 시즌2,가전
닌자 무선 블라스트 포터블 블렌더,가전
단독 휴롬 착즙기,가전
델키 생선구이 만능 오븐,가전
델키 생선구이 오븐,가전
도깨비방망이,가전
도깨비방망이 phb2200,가전
도깨비방망이 phb2500,가전
독일 바리 싹클린 침구청소기,가전
독일 바리 싹클린 침구청소기 hnl,가전
두유제조기 휴롬 착즙기,가전
듀이노 회전식 만능 채칼,가전
로보락 f25,가전
로보락 f25 ace,가전
로보락 q revo c 로봇청소기,가전
로보락 q revo s 로봇청소기,가전
로보락 s8 max ultra 로봇청소기,가전
롤키친 두유제조기,가전
리비에라앤바 달임마스터,가전
리큅 냉온수 매트,가전
마이어 글라스 에어프라이어,가전
마이어 라면 조리기,가전
마이어 스마트 헬시포트,가전
마이어 스마트 헬시포트 mh mep1,가전
마이어 스마트 헬씨포트,가전
마이어 신애라의 마이어 두유마스터,가전
맨인 알파 3채널 블랙박스,가전
모닉스 올스텐 에어프라이어,가전
모락 떡 제조기 g2g,가전
모엘로 욕실 히터 온풍기 tn200 ip6,가전
몬스터팡팡 2in1 미니청소기,가전
무선 기름 연기먹는 노피 이동식 미니후드,가전
무한잉크 복합기 픽스마 g3915 인화지100매,가전
미로 무소음 bldc 팬 hm12sf,가전
미싱맘 꼬매지오,가전
미싱맘 꼬매지오 미싱기,가전
방 발보우 고주파 통증완화 의료기기,가전
방 한경희듀얼레이어스팀청소기hesm d1600,가전
벤하임 bldc 2in1 무선 진공 물걸레청소기,가전
벤하임 bldc 2in1 진공 물걸레 청소기 시즌2,가전
벤하임 bldc 2in1진공물걸레청소기 시즌2,가전
벤하임 저소음 카페 초고속 블렌더,가전
보다조은 써큘레이터,가전
보다조은 음성인식 스마트팬 보니토,가전
보다조은 폴리머 물걸레,가전
보다조은 폴리머 물걸레 청소기,가전
보랄 bldc 날개 없는 선풍기 br l270dc,가전
보랄 bldc 날개없는 타워팬 br l270dc,가전
보랄 bldc 듀얼 헤드 폴딩팬 br dh220f,가전
보랄 x10 bldc 무선청소기,가전
보랄 x10 bldc 무선청소기 br h490rv,가전
보랄 겸용인덕션 ih압력밥솥 2리터,가전
보랄 고온건조 분쇄 대용량 가정용 음식물처리기,가전
보랄 대용량 음식물처리기 4리터,가전
보랄 데일리 발터치 팬,가전
보랄 듀얼 헤드 bldc 접이식 선풍기,가전
보랄 듀얼헤드 접이식 선풍기,가전
보랄 선풍기,가전
보랄 스마트 글라스 보온 포트,가전
보랄 스마트 글라스 보온포트 br p30l,가전
보랄 음식물처리기,가전
본사 필립스 면도기 스킨프로 s3885,가전
본사 필립스 면도기 이지프로 s2883,가전
본사 필립스 면도기s2883,가전
본사 필립스 면도기s3885,가전
부가티 통스텐 ih 압력솥 콤비,가전
부라더미싱 gs2700,가전
블라우풍트 100주년 스페셜 에디션 오픈픽 무선 이어폰,가전
블라우풍트 100주년 에디션 오픈픽 무선이어폰,가전
블라우풍트 공기전도 무선 이어폰,가전
블라우풍트 무선 이어폰,가전
블라우풍트 셀프 스탠딩 전기면도기,가전
블라우풍트 오픈픽 이어폰,가전
블라우풍트 헤어스타일러,가전
블랙앤데커 피벗 호루라기 무선청소기,가전
블랙앤데커 피벗 호루라기 청소기,가전
상반기 단한번 휴롬 착즙기,가전
샤크닌자 닌자 블라스트 무선 블렌더,가전
센스락 가정용 진공포장기 시즌2,가전
센스락 진공포장기 대롤3개,가전
솥밥대통령 골드,가전
슈퍼쇼핑 휴롬 음식물처리기,가전
스위스밀리터리 미니큐브 음식물처리기,가전
스위스밀리터리 올라운드 멀티팟,가전
스위스밀리터리 전동공구,가전
스위스밀리터리 터보 슬림 무선청소기,가전
스칸디노티아 올스텐 2단 찜기,가전
스칸디노티아 올스텐 멀티쿠커 2단 찜기,가전
슬룸 허리편한케어 목편한케어,가전
시메오 간식 메이커,가전
시메오 두유제조기,가전
시메오 멀티메이커,가전
시메오 멀티메이커 스탬퍼,가전
신세계적 설맞이 쿠진 푸드스타일러 플러스,가전
신일 bldc팬 sifsj12hhsp,가전
신일 유선bldc팬,가전
아이룸 릴리 bldc 무선청소기,가전
아이룸 옵티머스 올인원 로봇청소기 m10,가전
아이스티머 london 보풀제거기,가전
아이스티머 런던 스타일러,가전
아이스티머 스타일러 보풀제거기,가전
아토만 무선 온열마사지벨트,가전
아토만 온열마사지벨트,가전
안방 안방그릴 울트라 ab1101mf,가전
에버홈 글라스텐 파워믹서기,가전
에버홈 글라스텐 파워블렌더,가전
에버홈 글라스텐 파워블렌더 ev mc7000,가전
에버홈 두유제조기 두유대장 ev du7000,가전
에버홈 무선믹서기 ev tm7000,가전
에버홈 생선구이기 점보,가전
에버홈 생선구이기 점보 ev rg3000,가전
에버홈 생선구이기 점보 ev rg3000b,가전
에버홈 스팀 멀티 쿠커,가전
에버홈 스팀 멀티 쿠커 ev mp8000,가전
에버홈 쓰리베터리 무선믹서기 ev tm7000,가전
에버홈 올스텐 2단 찜기 ev ec7000,가전
에코너 타워 멀티탭 2단,가전
에코하임 듀얼마스터 고속블렌더,가전
오로와 이지밀 푸드메이커 프로,가전
오로와 창문 로봇 청소기 4세대,가전
오로와 창문 로봇청소기 4세대,가전
오로와 창문로봇청소기 4세대,가전
오로와 프리미엄 창문로봇 청소기 4세대,가전
오로와 프리미엄 창문로봇 청소기 4세대 보관,가전
오스템 와픽 음파칫솔,가전
오스템 와픽 프리미엄 핸디 구강세정기 쿨가글3개,가전
오연수 pick 에버홈 생선구이기 점보,가전
오연수가 한 건강 찜기 에버홈 올스텐 2단 찜기,가전
오연수의 에버홈 올스텐 2단 찜기 ev ec7000,가전
오쿠 조용한 두유제조기,가전
오쿠 프리미엄 인덕션,가전
온더온 두유제조기 플러스,가전
위닉스 뽀송 1등급 제습기,가전
위닉스 뽀송 1등급 제습기 24년 제조,가전
유로 스티머 스팀 스타일러 풀,가전
유한양행 해피홈 에어트랩 어드밴스,가전
유한양행 해피홈 에어트랩 어드밴스 패밀리,가전
이븐라이프 올인원 스팀다리미 스티밍 el list01,가전
이야 프라임 족욕기 ifb,가전
이즈미 전기면도기 ikr,가전
이즈미 프리미엄 보풀제거기 ikl,가전
일월 높이 조절식 팬큘레이터,가전
일월 절전형 빗살무늬 카본 온열매트,가전
일월 체크하우스 온열 전기매트 싱글,가전
일월 팬큘레이터,가전
일월 팬큘레이터 fs,가전
일월 팬큘레이터 fs0001,가전
입고 직 블라우풍트 무선 이어폰,가전
자르 에어건 무선청소기,가전
장수헬스케어 감탄핏 복부관리 슬림벨트,가전
적립금10 풀리오 에어괄사 마사지기,가전
정상가 코지마 안마의자 오블리크 cmca33,가전
정상가블라우풍트 무선 이어폰,가전
직 블라우풍트 무선 이어폰,가전
직 에버홈 두유제조기 두유대장 evdu7000,가전
직에버홈 두유제조기 두유대장 evdu7000,가전
찬스 홍박사 에브리데이 홍삼제조기,가전
캐치온 킹덤 3채널 5방향 블랙박스,가전
캐치온 킹덤 3채널 블랙박스 프리미엄 풀,가전
코렐접시 휴롬 착즙기,가전
코지마 다리마사지기 리에너 맥스 cml 104wl,가전
코지마 목어깨마사지기 컴포넥 cmn 800wl,가전
코지마 발마사지기 코지스툴 부클레 에디션,가전
코지마 복부저주파기 코지코어맥스,가전
코지마 복부허리관리기 코지코어맥스 cmt e103wl,가전
코지마 안마의자 데코르,가전
코지마 안마의자 데코르 cmc a35,가전
코지마 안마의자 오블리크,가전
코지마 안마의자 오블리크 cmc a33,가전
코지마 안마의자 오블리크 cmc a33 눈마사지기 러그,가전
쿠쿠 ih 전기압력밥솥,가전
쿠쿠 ih압력밥솥 10인용cr chas109,가전
쿠쿠 ih압력밥솥 트윈프레셔 마스터셰프,가전
쿠쿠 ih압력밥솥 트윈프레셔 마스터셰프 10인,가전
쿠쿠 고화력 압력밥솥 cr qs107fg fs,가전
쿠쿠 밥솥 cr qs107fg fs,가전
쿠쿠 블랙스톤,가전
쿠쿠 사일런스 어반 압력밥솥 cr ut10,가전
쿠쿠 열판압력밥솥cr r1095fg fgb,가전
쿠쿠 파워클론 물걸레 무선청소기,가전
테이핑테크 토탈케어 ems 마사지기,가전
테팔 무선청소기 화이트포스,가전
테팔 무선청소기 화이트포스 ty6a17ko,가전
테팔 엑스퍼트 무선 청소기,가전
테팔 엑스퍼트 무선청소기,가전
테팔무선청소기 화이트포스,가전
토이엠 원터치 믹스컵,가전
토트넘 에어러블 무선 이어폰 tot oe385,가전
토트넘 오픈 에어 오픈형 무선 이어폰,가전
토트넘홋스퍼 오픈 에어 오픈형 무선 이어폰,가전
투믹서 시즌2 무스 헬시메이커,가전
투믹서2 무스 헬시메이커 무선 믹서기,가전
트로트 520곡 포함 효디오 효도라디오,가전
트윙고 디지털 트래블 쿠커,가전
특허받은 맨인블랙박스 알파 2채널 블랙박스,가전
파나소닉 무선 구강세정기 e dj11 2대 노즐2개,가전
파나소닉 제트워셔 포터블 무선 구강세정기,가전
파나소닉 프리미엄 구강세정기 dj26,가전
파비스 에어빔 무선 청소기 pv a090,가전
파비스 에어빔 무선 청소기 pva090,가전
파워 도깨비방망이 phb2500,가전
파워 무선 도깨비방망이 chb2500,가전
파워 무선 도깨비방망이 퀵앤고플러스 chb2500,가전
파워 무선 도깨비방망이 풀 chb2400,가전
파워 유선 도깨비방망이 phb2200,가전
풀리오 풀리지 허벅지 마사지기,가전
필립스 5000시리즈 면도기 x5006,가전
필립스 블루투스 이어폰 taa6709,가전
필립스 스킨아이큐 s7000시리즈 면도기,가전
필립스 슬림쉐이브 면도기 s3608 그루밍,가전
필립스 슬림쉐이브 전기면도기,가전
필립스 전기면도기 클린앤컷,가전
필립스 클린앤컷 셀프스탠딩 면도기 x5006,가전
필립스 클린앤컷 전기면도기,가전
필립스 클린엔컷 셀프스탠딩 면도기 x5006,가전
하티브 뷰노 하티브 심전도 측정기 p30 혈압계,가전
한경희 건강식 두유죽 메이커,가전
한경희 듀얼레이어 스팀청소기,가전
한경희걸이식 스팀다리미hrid110,가전
한경희생활과학 한경희 무선 폴 팬큘레이터 아이보리,가전
한일 대용량 엣지 믹서기 nmf 3990wr,가전
한일 트랜디 써큘레이터 팬,가전
해피콜 hc해피콜 엑슬림 제로,가전
해피콜 사계절블렌더,가전
해피콜 초고속블랜더 엑슬림 제로,가전
헤르젠 ai 쌀냉장고,가전
헤르젠 멀티 미니 냉장냉동고,가전
헤르젠 쌀냉장고 aicare,가전
헤르젠ai프레시platz,가전
홍박사 에브리데이,가전
홍박사에브리데이 홍박사 에브리데이 홍삼제조기,가전
효디오 효도라디오,가전
휴롬 원액기 h420 두유 제조기,가전
휴롬 원액기 h420 뷰리미 갈바닉 마사지기,가전
1일1레몬 유기농 레몬즙,건강식품
mb 뼈엔 엠비피 30캡슐 x,건강식품
w피지컬100 유한양행 당큐락,건강식품
강원식품 치악산 칡즙 x,건강식품
강화약쑥 싸주아리 추출액,건강식품
경남제약 리포좀소연골콘드로이친,건강식품
고대곡물 파로 파로리조또4봉,건강식품
고대곡물 파로 파로저당밥,건강식품
고업 액상 베르가못 샷,건강식품
골드 카무트 효소,건강식품
골드 카무트 효소 x,건강식품
골드 카무트 효소 파로2봉,건강식품
골드카무트 브랜드밀 효소8박스,건강식품
골드카무트 효소,건강식품
골드카무트효소,건강식품
관절엔 아나파랙틴 밤,건강식품
관절엔 아나파랙틴 스틱밤,건강식품
관절엔 콘드로이친,건강식품
관절연골엔 보스웰리아,건강식품
구강유산균 오라틱스 임플란틱스,건강식품
그레인온 골드 카무트 효소,건강식품
그레인온 골드 카무트효소,건강식품
그레인온 르셀란테 파로효소,건강식품
그레인온 파로 15팩x280g,건강식품
김소형 원방 온감환 다이어트,건강식품
김소형 진삼본 침향환,건강식품
김소형 흑염소 진액,건강식품
김소형 흑염소진액,건강식품
김소형원방 삼본침향환,건강식품
김소형원방 슬림 다이어트 카페,건강식품
김오곤 원장의 흑염소 진액,건강식품
김오곤 흑염소진액 골드,건강식품
김오곤 흑염소진액 침향,건강식품
김오곤원장의 진한 쌍화차 침향,건강식품
김오곤원장의 흑염소진액,건강식품
김희선유산균 비에날씬,건강식품
김희선유산균 비에날씬 유산균,건강식품
남재현 박사의 알부민 플러스,건강식품
내몸에 조은 abc주스,건강식품
뉴온 시서스 필 다이어트,건강식품
뉴온 시서스다이어트,건강식품
뉴질랜드 컬리케일,건강식품
뉴트리 효모 스페르미딘 맥스,건강식품
뉴트리원 루테인지아잔틴gr,건강식품
뉴트리원 카무트효소,건강식품
뉴트리원 퓨어 레몬즙,건강식품
뉴트리코어 피에스,건강식품
닥터린 레몬즙,건강식품
닥터린 식물성 멜라바인,건강식품
닥터린 유기농 nfc 레몬즙,건강식품
닥터린 유기농 nfc레몬즙,건강식품
닥터린 초임계 비타민 k2,건강식품
닥터린 초임계 비타민 케이,건강식품
닥터린 초임계 비타민k2,건강식품
닥터린 콘드로이친 mb,건강식품
닥터린 콘드로이친 mb k2,건강식품
닥터린 파이토 대마종자유,건강식품
닥터린 하이퍼셀 알티지오메가3,건강식품
닥터린 하이퍼셀 오메가3,건강식품
닥터에스더 리포좀 비타민c,건강식품
닥터에이드 레몬버베나 다이어트,건강식품
단독 김오곤 흑염소진액 골드,건강식품
대상 뉴케어 구수한맛 밸런스업,건강식품
대원제약 알부민 킹,건강식품
더 리즐온 아보카도 오일,건강식품
데오인삼 국내산 세척인삼,건강식품
데이즈온 알파cd 19박스,건강식품
데이즈온 원데이 알파씨디,건강식품
덴마크 유산균 이야기,건강식품
덴마크 유산균이야기,건강식품
두뇌엔닥터ps맥스,건강식품
락토핏 종근당건강 당케어프로,건강식품
래디웰 파로 곡물효소 오리지널,건강식품
래디웰 파로 효소,건강식품
래디웰 파로효소,건강식품
래오이경제 흑염소 진액,건강식품
래오이경제 흑염소진액,건강식품
래오이경제 흑염소진액 진,건강식품
레이델 폴리코사놀,건강식품
레이델 폴리코사놀 액션,건강식품
레이델 폴리코사놀 홍삼로열젤리,건강식품
레이델 폴리코사놀5,건강식품
로트벡쉔 그로우업,건강식품
르셀란테 파로효소,건강식품
리즐온 딥그린 아보카도오일,건강식품
리포좀 오메가3,건강식품
메노락토 프리미엄 징코 yt1,건강식품
메타볼릿 다이어트,건강식품
목애 배도라지진액,건강식품
미녀들의 시크릿 빨강석류c,건강식품
미녀의 석류 콜라겐,건강식품
미녀의 유기농 레몬즙 168포,건강식품
바이오디랩 더 콜라겐,건강식품
바이크롬 간 유산균,건강식품
바이크롬 간유산균,건강식품
바이크롬 코유산균,건강식품
바이탈프로틴 콜라겐펩타이드,건강식품
박경호 진심 흑염소 진액,건강식품
박경호의 원용 녹용활력,건강식품
방 리즐온 딥그린 아보카도오일,건강식품
배한호 알부민967,건강식품
배한호 원장의 명작 코자멜라,건강식품
배한호 원장의 코자멜라,건강식품
배한호 원장의 콘드로이친,건강식품
배한호 원장의 흑염소진액 침향,건강식품
배한호 콘드로이친,건강식품
배한호 콘드로이친1200,건강식품
배한호 콘드로이친명작,건강식품
배한호 흑염소진액 침향,건강식품
베네팜 곱슬케일,건강식품
벨기에 유산균 다이어트,건강식품
보넬드 아이엠 레몬 주스,건강식품
뷰이뷰이 버블 콜라겐 앰플,건강식품
비너지 대마종자유 플러스,건강식품
비너지 유기농 대마종자유,건강식품
비어랩 맥주효모 비오틴 플러스,건강식품
비에날씬 슬림플러스,건강식품
비에날씬 프로 다이어트 유산균,건강식품
비에날씬 프로틴,건강식품
뼈엔 mb,건강식품
상아 연어콜라겐 플러스,건강식품
상아제약 리포좀 폴리코사놀 분,건강식품
세포나 혈당 케어 세포나,건강식품
셀게이트 엘라스틴 글루타치온,건강식품
셀렉스 락토프리플러스,건강식품
셀렉스 프로틴 고소한맛,건강식품
셀렉스 프로틴 락토프리 플러스,건강식품
스페르미딘 맥스,건강식품
시그니처 리포좀 글루타치온,건강식품
시그니처 리포좀 콜라겐,건강식품
시그니처 콘드로이친 mb,건강식품
시그니처 콜라겐 비오틴,건강식품
시서스 필 다이어트 24주,건강식품
식물성 대마종자유,건강식품
아임비타 이뮨샷,건강식품
안국건강 눈에좋은 루테인플러스,건강식품
안국건강 루테인지아잔틴 미니,건강식품
안국건강 초임계 알티지오메가3,건강식품
안국약품 두뇌엔ps징코,건강식품
안국약품 리포좀 오메가3,건강식품
안국약품 멜라굿나잇,건강식품
안국약품 멜라굿나잇 십이개월분,건강식품
안국약품 토비콤 루테인지아잔틴,건강식품
안국약품 피부 roch,건강식품
안국약품 피부엔roch,건강식품
알파슬림핏,건강식품
에버콜라겐 레티놀a,건강식품
에버콜라겐 타임레티놀a,건강식품
여에스더 대마종자유,건강식품
여에스더 유산균 골드,건강식품
오라틱스 구강유산균 임플란틱스,건강식품
오한진 백세 알부민,건강식품
올리브올라이브 올리브오일,건강식품
올바이오 아보카도 오일 x,건강식품
왕혜문 왕혜 보이차 발효 효소,건강식품
원데이 알파시클로덱스트린,건강식품
원핏 제로파우더 알파cd,건강식품
위바이옴 고업액상 베르가못 샷,건강식품
위바이옴 두뇌엔닥터ps,건강식품
위바이옴 두뇌엔닥터ps맥스,건강식품
유한양행 당큐락,건강식품
윤홍일 원장 쌍화차 진,건강식품
이경제 흑염소진액,건강식품
이경제 흑염소진액 x 240포,건강식품
이경제 흑염소진액 진,건강식품
이선민의 알부민 맥스 플러스,건강식품
전 덴마크 유산균이야기6박스,건강식품
정관장 홍삼진고 x,건강식품
정관장 홍삼진고 데일리스틱,건강식품
정애리 유기농 레몬즙,건강식품
정애리의 유기농 레몬즙 순수,건강식품
종근당건강 nmn,건강식품
종근당건강 관절 연골엔 msm,건강식품
종근당건강 관절연골엔 msm,건강식품
종근당건강 난각막nem,건강식품
종근당건강 락토핏 다이어트,건강식품
종근당건강 락토핏 당케어 프로,건강식품
종근당건강 락토핏 당케어프로,건강식품
종근당건강 락토핏 인지력케어,건강식품
종근당건강 락토핏 코어맥스,건강식품
종근당건강 락토핏코어맥스,건강식품
종근당건강 아이클리어 루테인,건강식품
종근당건강 아임비타 미네랄,건강식품
종근당건강 아임비타 올인원,건강식품
종근당건강 엔엠엔 nmn,건강식품
종근당건강 헬씨칸밀크씨슬로얄,건강식품
주영엔에스 관절엔 콘드로이친,건강식품
주영엔에스 뼈엔 엠비피 mb,건강식품
직 골드 카무트 효소,건강식품
직 골드 카무트 효소 파로3봉,건강식품
직 뉴트리디데이 콜라겐,건강식품
직 벨기에 유산균 다이어트,건강식품
직 이경제 흑염소진액 원,건강식품
직 정애리 레몬즙 순수100,건강식품
직 종근당건강 락토핏 다이어트,건강식품
직 종근당건강 락토핏코어맥스,건강식품
직종근당건강 헬씨칸밀크씨슬로얄,건강식품
천호 면역엔 알로에뮨,건강식품
천호엔케어 혈당엔 바나바,건강식품
캐나다 연어콜라겐 프리미엄,건강식품
콜라겐,건강식품
콜라겐 더 콜라겐,건강식품
콜라겐비오틴,건강식품
콴첼 캐나다 msm,건강식품
테일러 유기농 하루 푸룬,건강식품
테일러 유기농하루푸룬,건강식품
토비콤 루테인 지아잔틴,건강식품
트리플 이경제 흑염소진액 진,건강식품
파로 누룽지,건강식품
파로 파로3팩 파로 누룽지,건강식품
판판2 알파슬림핏,건강식품
팔레오 고단백 산양유프로틴,건강식품
팔레오 근력강화 산양유 프로틴,건강식품
팔레오 근력강화 산양유프로틴,건강식품
팔레오 발아 카무트 뻥,건강식품
팔레오 식물성 대마종자유,건강식품
팔레오 초임계 알티지 오메가3,건강식품
팔레오 초임계 알티지오메가3,건강식품
팔레오 콘드로이친 류신,건강식품
팔레오 홀가분 다이어트 유산균,건강식품
폴란드 유기농 컬리케일,건강식품
프롬바이오 위건강엔 매스틱,건강식품
프리미엄 대마종자유1000,건강식품
피지컬100 유한양행 당큐락,건강식품
핏업 골드 대마종자유,건강식품
하루틴 리포좀 비타민c,건강식품
허브에이드 유기농 레몬즙,건강식품
현대약품 큐어웰 고소한맛,건강식품
혈당케어 당당때문에,건강식품
홀베리 1당근 유기농 당근주스,건강식품
홀베리 1레몬 유기농 레몬즙,건강식품
홀베리 유기농 레몬 자몽즙,건강식품
홀베리 유기농 레몬생강즙 x,건강식품
홀베리 유기농 레몬즙,건강식품
홀베리 유기농 레몬즙 자몽즙,건강식품
홀베리 유기농 양배추즙,건강식품
홀베리 유기농 양배추즙 x,건강식품
홀베리 유기농레몬생강즙,건강식품
홀베리 유기농레몬자몽즙,건강식품
화이트 글루타치온,건강식품
화이트 글루타치온40,건강식품
환원 닥터린 초임계 비타민k2,건강식품
환원 닥터린 콘드로이친 mb,건강식품
환원 상아 연어콜라겐 플러스,건강식품
환원 식물성 대마종자유,건강식품
환원 콜라겐비오틴,건강식품
환원 팔레오 식물성 대마종자유,건강식품
환원 팔레오 콘드로이친 류신,건강식품
환원상아 연어콜라겐 플러스,건강식품
환원캐나다 연어콜라겐 프리미엄,건강식품
25년 캘빈클라인 여성 우븐 셔켓,공용의류
2만장 블루핏 허리밴딩 기모 데님,공용의류
3만원인하 브이컷 부클 집업 재킷,공용의류
3만원인하 브이컷 집업 재킷,공용의류
3만장 블루핏 코듀로이 팬츠,공용의류
ac 여성 에버데일리 데님,공용의류
ac 여성 에버데일리 진,공용의류
ac 여성 웜에어 기모 데님,공용의류
ak 앤클라인 플리츠 패턴 팬츠,공용의류
dkny golf 남성 우븐 셔츠,공용의류
geox 남성 기능성 자켓 팬츠,공용의류
ggpx 브리즈 린넨 인견 팬츠,공용의류
hummer 남성 h3 썸머 셋업,공용의류
pat 25년 봄 릴렉스 팬츠,공용의류
pat 노스트레스 팬츠 남성,공용의류
pat 이지케어 셔츠 남성,공용의류
가바 쿨라이트 남성 데님 청바지,공용의류
게스 블랙라벨 드로즈 티셔츠1종,공용의류
게스 이지밸런스 웜기모 팬츠,공용의류
겨울 잭필드 남성 숨쉬는 패딩팬츠,공용의류
겨울필수템 블루핏 울라이크 팬츠,공용의류
고스카 발열조끼 시즌3,공용의류
네파이젠벅 반집업 반팔티 남성,공용의류
니콜생지르 겨울 기모 셔츠,공용의류
니콜생지르 겨울 보아퍼 본딩 셔츠,공용의류
니콜생지르 기모본딩 윈터셔츠,공용의류
니콜생지르 냉감 셔츠,공용의류
니콜생지르 여름 쿨셔츠,공용의류
다누앤 남여공용 워킹화 s,공용의류
데니스 가디건형 풀오버 니트,공용의류
데니스 썸머 쿨 윈드 점퍼 베스트,공용의류
데니스 여성 나일론 스판 팬츠,공용의류
데니스 여성 팬츠,공용의류
데니스 울 블렌디드 니트,공용의류
데니스 울 블렌디드 페이크 가디건,공용의류
데니스골프 사가폭스 구스다운,공용의류
데니스골프 셋업,공용의류
데니스골프 쉬폰 베이스레이어,공용의류
데니스골프 썸머 아노락,공용의류
데니스골프 아노락,공용의류
데니스골프 폭스카라 구스다운,공용의류
도티 나일론 7부 팬츠 여성3종,공용의류
도티 나일론 벌룬 팬츠 여성2종,공용의류
도티 뉴테이퍼드 데님 여성,공용의류
도티 리오셀 썸머 셋업 여성2종,공용의류
도티 스트링 데님 여성 dsbw,공용의류
도티 썸머 인견 셋업 상하 여성,공용의류
도티 크링클 썸머 팬츠 여성4종,공용의류
도티 텐션팬츠 여성3종,공용의류
도티 플리츠 본딩 팬츠 여성,공용의류
도티 후드 셋업 여성 pjsw,공용의류
란체티 릴렉스핏 링클프리 팬츠,공용의류
란체티 썸머 쿨 카라티셔츠,공용의류
란체티 울 니트 베스트,공용의류
란체티 컴포터블 링클프리 셔츠,공용의류
란체티 컴포터블 셔츠,공용의류
람브레타 여성 카라셔츠,공용의류
레드캠프 f 웜테크 패딩자켓,공용의류
레드캠프 f 웜테크 패딩자켓 남성,공용의류
레드캠프 나일론 탄력팬츠,공용의류
레드캠프 남성 레저 슬랙스 쿨팬츠,공용의류
레드캠프 남성 레저슬랙스 쿨팬츠,공용의류
레드캠프 남성 멀티포켓 봄버 재킷,공용의류
레드캠프 남성 메가히트 패딩점퍼,공용의류
레드캠프 남성 패딩팬츠,공용의류
레드캠프 남성 플리스 자켓,공용의류
레드캠프 남성 히트웜 패딩 자켓,공용의류
레드캠프 멀티포켓 남성 점퍼,공용의류
레드캠프 멀티포켓 여성 바람막이,공용의류
레드캠프 아이스 쿨링팬츠,공용의류
레드캠프 아이스팬츠,공용의류
레드캠프 에어 퍼포먼스 자켓,공용의류
레드캠프 에어 퍼포먼스 자켓 여성,공용의류
레드캠프 여성 에어 퍼포먼스 자켓,공용의류
레드캠프 컴포트 남성 반바지,공용의류
레드캠프 쿨터치 재킷 팬츠 남성,공용의류
로베디카파 우븐 팬츠 여성,공용의류
론칭가79 블루핏 아트워크 티셔츠,공용의류
론칭가79 블루핏 크로셰 앙상블,공용의류
론칭가89 블루핏 트왈 셋업,공용의류
릴리전 에어 롱패딩 코트 남여공용,공용의류
마이플로 여성 쿨 에어윈드,공용의류
마이플로우 남성 쿨 에어윈드,공용의류
마이플로우 남성 패딩 조거팬츠,공용의류
마이플로우 보아퍼 기모 팬츠,공용의류
마이플로우 보아퍼 패딩 셋업 남성,공용의류
마이플로우 에어 윈드 여성,공용의류
마이플로우 여성 오리털 팬츠,공용의류
마이플로우 여성 쿨 에어윈드,공용의류
마이플로우 쿨 썸머 여성,공용의류
마이플로우 패딩 보아퍼 팬츠 남성,공용의류
맥스튜어트 여성 릴렉스핏 데님,공용의류
몽벨 리버시블 플리스 패딩자켓,공용의류
몽벨 패딩팬츠,공용의류
바이그레이 오가닉면반팔티셔츠9종,공용의류
뱅뱅 남성 가을 라이크라 데님,공용의류
뱅뱅 남성 기모 라이크라 데님,공용의류
뱅뱅 남성 라이크라 데님,공용의류
뱅뱅 남성 라이크라 본딩 데님3종,공용의류
뱅뱅 남성 라이크라 본딩데님3종,공용의류
뱅뱅 봄 남성 스트레이트 데님,공용의류
뱅뱅 썸머 라이크라 데님 여성,공용의류
뱅뱅 여름 남성 스트레이트핏,공용의류
버버리 위틀리 패딩,공용의류
베네통 올데이 코튼 티셔츠,공용의류
벤시몽 남성 라이트 퀼팅점퍼,공용의류
벤시몽 남성 케이블가디건,공용의류
벨리츠 여성 데님 팬츠,공용의류
벨리츠 여성 썸머 쿨 팬츠,공용의류
벨리츠 여성 포근 코듀로이 팬츠,공용의류
봄 뱅뱅 여성 라이크라 데님,공용의류
브이컷 기모 터틀넥,공용의류
브이컷 기모 티블라우스,공용의류
브이컷 오가닉 면 튜블러 티셔츠,공용의류
브이컷 코튼 튜블러 티셔츠,공용의류
브이컷 코튼100 실켓 티블라우스,공용의류
브이컷 코튼100 튜블러 티셔츠,공용의류
브이컷 튜블러 7부 티셔츠,공용의류
블랭크 남성 다잉 면팬츠,공용의류
블루핏 소프트 라운드 니트,공용의류
블루핏 소프트니트 풀오버,공용의류
블루핏 에어리 케이블 니트,공용의류
블루핏 캔톤 기모 데님,공용의류
블루핏 후드니트 풀오버,공용의류
세르즈블랑코 니트 베스트 남성,공용의류
세르즈블랑코 여성 패딩베스트 셋업,공용의류
셀러스픽 썸머 지프 남성 아쿠아룩,공용의류
썸머 뱅뱅 남성 라이크라 데님,공용의류
아이겐포스트 여성 코튼반팔티셔츠,공용의류
아이그너 브이넥 니트 자켓,공용의류
아이그너 심볼 레터링 티셔츠,공용의류
에드윈 남성 스트레이트 데님,공용의류
에스까다 쥬얼 데님 팬츠,공용의류
에콕스 summer 여성 이지데님,공용의류
에콕스 블랙라벨 데님팬츠 여성,공용의류
에콕스 소프트 코튼 데님팬츠 여성,공용의류
에콕스 썸머 라이트 이지데님 여성,공용의류
에콕스 여성 하이코튼 스판팬츠,공용의류
엘르 스포츠 에브리데이 팬츠 남성,공용의류
엘르 스포츠 올데이 팬츠 남성,공용의류
엘르스포츠 여름 멀티 팬츠 남성,공용의류
엘르스포츠 여성 멀티 웨더 점퍼,공용의류
여성 마이플로우 데일리 이지팬츠,공용의류
울블랜디드 퍼펙트핏 수트,공용의류
울시 남성 반팔 카라티,공용의류
웅니버스 워모 썸머 반팔 니트,공용의류
웅니버스 워모 쿨비즈 수트,공용의류
웅니버스 인터메조 워셔블 자켓,공용의류
워모 라이트 셔츠 자켓,공용의류
워모 방풍 니트점퍼,공용의류
워모 스트레치 자켓,공용의류
워모 썸머 비즈 재킷 남성,공용의류
워모 여름 컴포터블 울 수트,공용의류
워모 울 캐시미어 패딩 재킷 남성,공용의류
워모 컴포트 썸머 슬랙스,공용의류
워모 컴포트 썸머 쿨 슬랙스,공용의류
워모 컴포트 썸머 팬츠,공용의류
워모 컴포트 치노 팬츠,공용의류
워모 쿨비즈 수트,공용의류
워모 테일러드 수트,공용의류
워모 폴리 치노 팬츠 남성,공용의류
워모 프리미엄 퍼펙트핏 썸머 수트,공용의류
워모 하이브리드 점퍼,공용의류
워모 하이브리드 점퍼 남성,공용의류
인디고랩 남성 씬블루 데님,공용의류
인디고랩 썸머 에어리 데님 여성,공용의류
인디고랩 여성 씬라이트 쿨데님,공용의류
인디코드 여성 에센셜 데님셔츠,공용의류
인터메조 린넨 라이크 카라니트,공용의류
인터메조 올데이 컴포트 셋업 수트,공용의류
인터메조 워셔블 썸머 재킷 남성,공용의류
인터메조 트러커 집업 점퍼,공용의류
인터메조 폰테 릴렉스 재킷 남성,공용의류
인터메조 폰테 자켓,공용의류
인하 블루핏 소프트 라운드 니트,공용의류
인하 블루핏 소프트니트 풀오버,공용의류
인하 블루핏 시그니처 기모 스폼,공용의류
인하 블루핏 시그니처 스폼,공용의류
인하 블루핏 울라이크 팬츠,공용의류
잭필드 남성 ss 숨쉬는 팬츠,공용의류
잭필드 남성 레이어드셔츠 패턴,공용의류
잭필드 남성 반팔셔츠,공용의류
잭필드 남성 썸머 쿨팬츠,공용의류
잭필드 남성 웜히트 덕다운 점퍼,공용의류
잭필드 남성 코튼라이크 팬츠,공용의류
잭필드 남성 쿨 라이트 스판 셔츠,공용의류
잭필드 남성 패딩 점퍼,공용의류
잭필드 남성 패턴 레이어드셔츠,공용의류
잭필드 남성 플리스 티셔츠,공용의류
잭필드 뜨끈 보아퍼 패딩점퍼 남성,공용의류
잭필드 린넨라이크 셔츠,공용의류
잭필드 봄 남성 숨쉬는 바지,공용의류
잭필드 에어리 재킷,공용의류
잭필드 여성 웜히트 스윙다운,공용의류
잭필드 여성 패딩점퍼 패딩팬츠,공용의류
잭필드 쿨 에어 텐션 재킷,공용의류
잭필드 쿨에어 남성 재킷 베스트,공용의류
잭필드 쿨에어 재킷 베스트,공용의류
잭필드 프리무빙 데일리 팬츠 남성,공용의류
지프 여성 에어리 우븐 셋업,공용의류
지프 여성 우븐셋업 티셔츠,공용의류
지프 우븐셋업 여성,공용의류
직 pat 가을 팬츠 1차,공용의류
직 pat 가을 팬츠 2차,공용의류
직 pat 면블렌디드 팬츠,공용의류
직 pat 베이직 스판셔츠4종,공용의류
직 pat 여름 면스판 팬츠,공용의류
직 pat 워셔블기모본딩팬츠3종,공용의류
직 pat 패턴스판셔츠4종,공용의류
캘빈클라인 cks 시그니처 셋업,공용의류
캘빈클라인 여성 바람막이1종,공용의류
코몽트 남성용 냉감 선풍기 조끼,공용의류
코몽트 카라티셔츠 남성,공용의류
테디베어 남성 에어 패딩 점퍼,공용의류
테디베어 여성 보아퍼 코듀로이팬츠,공용의류
테디크루 여성 코튼 트렌치 코트,공용의류
토오트 남여공용 패션 슬리퍼,공용의류
트로이 여성 리오셀 와이드 팬츠,공용의류
트로이 여성 쿨인견 팬츠,공용의류
트로이 텐셀 라이오셀 와이드 팬츠,공용의류
팔주머니 썸머 크링클 원피스 셋업,공용의류
펠틱스 나일론 자켓 f502w,공용의류
펠틱스 남성 컴포트 수트셋업,공용의류
펠틱스 남성 패딩 보아퍼 기모팬츠,공용의류
펠틱스 남여공용 오리털 패딩팬츠,공용의류
펠틱스 라이트업 경량 점퍼,공용의류
펠틱스 여성 나일론 쿨링 하프팬츠,공용의류
펠틱스 여성 냉감 텐션 썸머셋업,공용의류
펠틱스 여성 수트셋업 f508w,공용의류
펠틱스 여성 썸머 아이스쿨 셋업,공용의류
펠틱스 여성 에어 스트레치 셋업,공용의류
펠틱스 여성 에어 쿨 조거팬츠,공용의류
펠틱스 여성 에어라이트 자켓,공용의류
펠틱스 여성 에어리 자켓,공용의류
펠틱스 여성 웨더 점퍼,공용의류
펠틱스 여성 자켓 f501w,공용의류
펠틱스 여성 장기모 조거팬츠,공용의류
펠틱스 여성 패딩 베스트,공용의류
펠틱스 여성 하프팬츠 f509w,공용의류
펠틱스 여성 핫멜트 경량재킷,공용의류
펠틱스 오리털 패딩 조거팬츠,공용의류
펠틱스 패딩 기모 셋업,공용의류
헤스티지 여성 램스킨 베베자켓,공용의류
헤스티지 여성 양가죽 베베자켓,공용의류
헤스티지 여성 천연 양가죽 코트,공용의류
헤스티지 천연 양가죽 여성코트,공용의류
헨리로이드 여성 윈드 자켓,공용의류
헨리로이드 여성 프리미엄 덕다운,공용의류
헨리로이드 여성 헝가리 구스다운,공용의류
휠라 썸머 7부 팬츠,공용의류
5중보장 라이나 전에없던 치매간병보험,금융
a 하나손해보험하나 가득담은 3대질환보험 포트메리온 5p,금융
a 흥국생명 다사랑 암보험 스팀 물걸레 청소기,금융
a 흥국생명 다재다능1540보험 에어프라이어,금융
a 흥국생명 다재다능1540보험 후라이팬,금융
aia 건강 플러스 암보험,금융
aia건강플러스암보험,금융
aia건강플러스암보험 셰프라인 두유제조기,금융
aia생명 건강 암보험,금융
aia생명 건강플러스 암보험,금융
aia생명 건강플러스 암보험 a 두유제조기,금융
aia생명 건강플러스 암보험 m 두유제조기,금융
aia생명 백세시대 꼭하나 건강보험,금융
a하나손보 하나가득담은3대질환보험 서큘레이터,금융
a하나손보 하나가득담은3대질환보험 포트메리온,금융
a하나손보 하나더넥스트 간편건강보험 포트메리온,금융
db손해보험 더간단 펫블리 반려견 보험,금융
db손해보험 참좋은운전자 한문철변호사플랜,금융
db손해보험 참좋은운전자상해보험,금융
db손해보험 펫블리 반려견 보험,금융
db손해보험 프로미라이프 참좋은운전자상해보험,금융
db손해보험 플러스간편건강보험,금융
db참좋은 운전자상해보험 써큘레이터,금융
m 흥국생명 다사랑 암보험 스팀 물걸레 청소기,금융
m 흥국생명 다재다능1540보험 에어프라이어,금융
m 흥국생명 다재다능1540보험 후라이팬,금융
m하나손보 하나가득담은3대질환보험 서큘레이터,금융
m하나손보 하나가득담은3대질환보험 포트메리온,금융
골라담는건강보험,금융
골라담는건강보험갱신형2형,금융
대명아임레디 행복한플랜 삼성가전결합 상담신청,금융
라이나 the건강한치아보험v,금융
라이나 더 건강한 치아보험,금융
라이나 더 건강한 치아보험 겨울,금융
라이나 더 건강한 치아보험 수정,금융
라이나 전에없던 실속치매보험,금융
라이나 전에없던 실속치매보험 수정,금융
라이나 전에없던 치매간병보험,금융
라이나 전에없던 치매간병보험 qr,금융
라이나생명 o무배당 the 건강한 치아보험,금융
라이나생명 the건강한 치아보험v 신세계상품권 최대,금융
라이나생명 the건강한치아보험v,금융
라이나생명 골라담는간편건강보험,금융
라이나생명 골라담는간편건강보험 신세계상품권,금융
라이나생명 골라담는건강보험,금융
라이나생명 무배당 the 건강한 치아보험,금융
라이나생명 무배당 골라담는 건강보험,금융
라이나생명 새로담는간편건강보험,금융
라이나생명 첫날부터 암보험,금융
라이나생명 첫날부터 암보험 a,금융
라이나생명 첫날부터 암보험 신세계상품권,금융
라이나생명 첫날부터암보험,금융
라이나생명the건강한치아보험v,금융
라이나생명무the건강한치아보험,금융
라이나생명무the건강한치아보험v,금융
렌탈 바디프랜드 팔콘s 팔콘 안마의자,금융
렌탈 세라젬 마스터 v7 v9,금융
모토벨로 풀옵션 적립금 3만원까지 모토벨로 전기자전거 tx8 pro 오늘 결제0원,금융
무 삼성화재 마이헬스파트너 포트메리온,금융
무 하나손해보험 하나 가득담은 3대질환보험,금융
무 하나손해보험 하나 가득담은 3대질환보험 포트메리온,금융
무 흥국생명 다사랑 암보험,금융
미사용 라이나 전에없던 치매간병보험,금융
미사용 라이나 전에없던 치매간병보험 qr,금융
미사용 하나가득담은 3대질환보험 포트메리온 5p,금융
방문상담 롯데손보 비갱신 뇌 심혈관 건강보험,금융
삼성화재 간편365 알뜰한 새로고침,금융
삼성화재 간편보험 새로고침,금융
삼성화재 상해보험 행복한 안심파트너,금융
삼성화재 알뜰한 새로고침,금융
삼성화재 우리가정종합플랜,금융
삼성화재 행복한 안심파트너,금융
전문가방문상담 롯데손해보험 let simple 간편30 0건강보험,금융
초기대응플랜 db참좋은운전자보험,금융
하나가득담은 3대질환보험 마사지기,금융
하나가득담은 3대질환보험 발마사지기,금융
하나가득담은 3대질환보험 온열마사지기,금융
하나가득담은 3대질환보험 포트메리온 5p,금융
하나가득담은 3대질환보험 포트메리온 사각접시,금융
하나가득담은 3대질환보험 포트메리온 트레이 수정,금융
하나손해보험 2대질환 집중플랜,금융
하나손해보험 암보험 99플랜,금융
하나손해보험 하나 가득담은 3대질환보험,금융
하나손해보험 하나가득담은 3대질환보험,금융
하나손해보험 하나가득담은 뇌 심장 집중플랜,금융
한문철의 초기대응 db참좋은운전자보험,금융
현대 간편건강보험 s,금융
현대 간편건강보험 s 수정,금융
현대 간편건강보험s,금융
현대해상 간편 건강보험,금융
현대해상 간편 건강보험 2차수정,금융
현대해상 간편 건강보험 수정,금융
흥국생명 o다사랑암보험,금융
흥국생명 o다재다능 1540보험,금융
흥국생명 다사랑 암보험,금융
흥국생명 다사랑 암보험 a 마사지건,금융
흥국생명 다사랑 암보험 a 서큘레이터,금융
흥국생명 다사랑 암보험 a 스팀 물걸레 청소기,금융
흥국생명 다사랑 암보험 m 마사지건,금융
흥국생명 다사랑 암보험 m 서큘레이터,금융
흥국생명 다사랑 암보험 m 스팀 물걸레 청소기,금융
흥국생명 다사랑암보험,금융
흥국생명 다재다능 1540보험,금융
흥국생명 다재다능1540 a 마사지건,금융
흥국생명 다재다능1540 a 서큘레이터,금융
흥국생명 다재다능1540 a 에어프라이어,금융
흥국생명 다재다능1540 a 후라이팬,금융
흥국생명 다재다능1540 m 마사지건,금융
흥국생명 다재다능1540 m 서큘레이터,금융
흥국생명 다재다능1540 m 에어프라이어,금융
흥국생명 다재다능1540 m 후라이팬,금융
흥국생명 다재다능1540 보험,금융
흥국화재 365간병 집중플랜 써큘레이터,금융
흥국화재 흥good 모두담은 암보험 plus,금융
1초쿨 코몽트 선풍기 조끼,레포츠의류
24년 르까프 남성 퍼펙트 플리스,레포츠의류
25ss신상 가이거골프 하프팬츠,레포츠의류
bfl 구스 패딩 코트 여성,레포츠의류
bfl 웜히트 패딩 점퍼 남성,레포츠의류
ck 에센셜 기모셋업 여성,레포츠의류
ck 집업 맨투맨 셋업 여성,레포츠의류
ck 퍼포먼스 여성용 패딩베스트,레포츠의류
dkny golf 남성 카라니트,레포츠의류
exr 경량 자켓 여성,레포츠의류
exr 기능성 에어로 팬츠 남성,레포츠의류
exr 스프링 윈드 자켓 여성,레포츠의류
exr 에어자켓 여성,레포츠의류
exr 여성 윈드 자켓,레포츠의류
exr 올라운드 셋업 남성,레포츠의류
exr 웨더패딩자켓 여성,레포츠의류
fila 남성 옵티마 웜 카라티,레포츠의류
fila 여성 옵티마 웜 카라티,레포츠의류
geox 여성 기능성 자켓 팬츠,레포츠의류
hummer 남성 소로나 티셔츠,레포츠의류
lecaf 르까프 남성 트랙셋업,레포츠의류
lecaf 르까프 남성 플리스,레포츠의류
lecaf 르까프 여성 아우터,레포츠의류
lvpg 남성 트레이닝 셋업3종,레포츠의류
lvpg 여성 트레이닝 셋업3종,레포츠의류
lvpg 웜 기모 셋업 여성,레포츠의류
pga tour 썸머 쿨링 마스크,레포츠의류
wolsey 울시 여성 가디건,레포츠의류
가 르까프 냉감 마스크 남녀공용,레포츠의류
가이거골프 에어홀 라운드 셔츠,레포츠의류
가이거골프 후드 자켓,레포츠의류
김영주골프 pk 카라티 남성,레포츠의류
김영주골프 반팔집업 남성,레포츠의류
남녀공용 머렐 벤치코트,레포츠의류
남성 르까프 기능성 반팔 셔츠,레포츠의류
남성 르까프 기능성 팬츠,레포츠의류
남성 르까프 기모 티셔츠,레포츠의류
남성 르까프 긴팔 티셔츠,레포츠의류
남성 르까프 반팔 카라티,레포츠의류
남성 르까프 아우터,레포츠의류
남성 르까프 조거 팬츠,레포츠의류
남성 르까프 집업 티셔츠,레포츠의류
남성 르까프 집업티셔츠,레포츠의류
남성 르까프 패딩 셋업,레포츠의류
남성 몽크로스 카라티,레포츠의류
남성 밀레골프 쿨에어메쉬 티셔츠,레포츠의류
남성 애플라인드 기모 본딩 팬츠,레포츠의류
남성 에드윈 데님 팬츠,레포츠의류
남성 코몽트 경량 패딩,레포츠의류
남성 코몽트 반팔카라티,레포츠의류
남성 코몽트 플리스 상하의,레포츠의류
남성 코몽트 플리스 자켓,레포츠의류
남성 페리엘리스 양면기모 모크넥,레포츠의류
네파이젠벅 남성용 여름 자켓,레포츠의류
네파이젠벅 반집업 반팔티 여성,레포츠의류
네파이젠벅 튜브 덕다운 자켓 여성,레포츠의류
네파이젠벅 하프집업 남성,레포츠의류
데니스 베이스레이어,레포츠의류
데니스 아노락,레포츠의류
데니스골프 남성 냉감팬츠,레포츠의류
데니스골프 여성 썸머 쿨 팬츠,레포츠의류
로베디카파 우븐 팬츠 여성,레포츠의류
로베디카파 트랙 집업 여성,레포츠의류
로베디카파 트랙수트 여성,레포츠의류
르까프 기능성 긴팔 티셔츠 남성,레포츠의류
르까프 기능성 조거 팬츠 남성,레포츠의류
르까프 기모셋업 남성,레포츠의류
르까프 남녀공용 티셔츠7종,레포츠의류
르까프 남성 기능성 냉감 셔츠,레포츠의류
르까프 남성 데일리 집업티셔츠,레포츠의류
르까프 남성 봄 에브리데이 티셔츠,레포츠의류
르까프 남성 소프트웜 패딩셋업,레포츠의류
르까프 남성 이지 조거팬츠,레포츠의류
르까프 남성 프렌치테리 집업티셔츠,레포츠의류
르까프 남자 우븐트랙수트,레포츠의류
르까프 냉감 에어리 조거팬츠 남성,레포츠의류
르까프 냉감 티셔츠 남성,레포츠의류
르까프 데일리 집업 티셔츠 남성,레포츠의류
르까프 아우터 남성,레포츠의류
르까프 자외선차단 마스크,레포츠의류
르까프 쿨 마스크 팔토시3종,레포츠의류
르까프 쿨링마스크,레포츠의류
머렐 남성 여름자켓 셋업,레포츠의류
머렐 마운틴 자켓 남성,레포츠의류
머렐 여성 울트라소프트 카라셔츠,레포츠의류
몽크로스 기능성 티셔츠6종 남성,레포츠의류
몽크로스 썸머 팬츠 남성,레포츠의류
밀레 골프 론칭가 남성 패딩셋업,레포츠의류
밀레골프 기모모크넥 남성,레포츠의류
밀레골프 남성 구스다운,레포츠의류
밀레골프 남성 기능성 반팔티,레포츠의류
밀레골프 남성 기모카라티,레포츠의류
밀레골프 남성 반팔카라티,레포츠의류
밀레골프 남성 베이스레이어,레포츠의류
밀레골프 남성 올 뉴 골프팬츠,레포츠의류
밀레골프 남성 쾌감셔츠,레포츠의류
밀레골프 라운드 반팔 남성,레포츠의류
밀레골프 롱팬츠 남성,레포츠의류
밀레골프 미라클 인퀼팅 다운,레포츠의류
밀레골프 반팔카라티 남성,레포츠의류
밀레골프 반팔카라티셔츠 여성,레포츠의류
밀레골프 봄 자켓 여성,레포츠의류
밀레골프 스윙셋업 남성,레포츠의류
밀레골프 스윙셋업 여성,레포츠의류
밀레골프 스프링 기능성 자켓 여성,레포츠의류
밀레골프 여름팬츠 남성,레포츠의류
밀레골프 여성 베이스레이어,레포츠의류
밀레골프 여성 아웃도어셋업,레포츠의류
밀레골프 여성 올 뉴 골프팬츠,레포츠의류
밀레골프 여성 자켓,레포츠의류
밀레골프 여성 쾌감셔츠,레포츠의류
밀레골프 인퀼팅 다운 남성,레포츠의류
밀레골프 카라티 남성,레포츠의류
밀레골프 튜브 구스 스윙다운 남성,레포츠의류
밀레골프 튜브스윙다운 남성,레포츠의류
밀레골프 하프셔츠 남성,레포츠의류
밀레골프 하프셔츠 여성,레포츠의류
밀레골프 하프팬츠 남성,레포츠의류
밀레골프 하프팬츠 여성,레포츠의류
베네통 니트 가디건 여성,레포츠의류
베네통 셋업,레포츠의류
베네통 썸머 팬츠,레포츠의류
베네통 여성 썸머 체크 팬츠,레포츠의류
베네통 올데이 코튼 티셔츠,레포츠의류
벤시몽 여성 스트라이프 티셔츠,레포츠의류
벤시몽 여성 케이블가디건,레포츠의류
비버리힐즈 여성 코튼 반팔티,레포츠의류
비버리힐즈 코튼반팔티 남녀공용,레포츠의류
비버리힐즈 헤비패딩자켓 여성,레포츠의류
비버리힐즈폴로 남성 소로나 팬츠,레포츠의류
비버리힐즈폴로클럽 리버시블 자켓,레포츠의류
비버리힐즈폴로클럽 반팔케이블니트,레포츠의류
비버리힐즈폴로클럽 양면기모 모크넥,레포츠의류
비버리힐즈폴로클럽 헨리넥 남성,레포츠의류
세르즈블랑코 남성 팬츠,레포츠의류
세르즈블랑코 프렌치 자켓,레포츠의류
수정샵 베네통스포츠 팬츠 남성용,레포츠의류
스위스클럽 uv차단 냉감마스크,레포츠의류
아놀드파마 남성 카라셔츠,레포츠의류
아다바트 경량다운베스트 여성,레포츠의류
아다바트 긴팔티셔츠 넥밴드 여성,레포츠의류
아다바트 남성 베이스레이어 마스크,레포츠의류
아다바트 남성 이지밴딩 7부팬츠,레포츠의류
아다바트 모크넥 여,레포츠의류
아다바트 소프트 스판 모크넥 여성,레포츠의류
아다바트 여성 베이스레이어 마스크,레포츠의류
아다바트 여성용 모크넥,레포츠의류
아다바트 여성용 카라티셔츠,레포츠의류
아디다스 남성 하이드로 수트,레포츠의류
아디다스 컴뱃 남성 하이드로 수트,레포츠의류
아디다스컴뱃 사우나 수트,레포츠의류
아보크 uv 차단 자켓,레포츠의류
아보크 uv차단 자켓,레포츠의류
아보크 기모 바람막이,레포츠의류
아보크 기모팬츠,레포츠의류
아보크 남성 반팔 카라티,레포츠의류
아보크 엑티브 경량 베스트,레포츠의류
아보크 웜업 기모팬츠,레포츠의류
아보크 플리스 집업 남성,레포츠의류
아보크 플리스 하프 집업 남성,레포츠의류
아보크 플리츠 팬츠,레포츠의류
아보크 핫멜팅 패딩자켓,레포츠의류
아이겐포스트 여성 코튼반팔티셔츠,레포츠의류
아이그너 모노그램 니트탑,레포츠의류
아이그너 스프링 퀼팅 자켓,레포츠의류
에버라스트 sk단독 쿨링하프팬츠,레포츠의류
에버라스트 남성 pk티셔츠,레포츠의류
에버라스트 릴렉스 밴딩 팬츠 여성,레포츠의류
에버라스트 릴렉스핏 텐션 팬츠,레포츠의류
에버라스트 보들 기모 모크넥 여성,레포츠의류
에버라스트 소로나 티셔츠,레포츠의류
에버라스트 썸머 셋업,레포츠의류
에버라스트 썸머 쿨팬츠,레포츠의류
에버라스트 여성 pk티셔츠,레포츠의류
에버라스트 여성 소로나 티셔츠,레포츠의류
에버라스트 여성 썸머 풀,레포츠의류
에어팩프로 조끼형 러닝백 힙색,레포츠의류
엘르스포츠 여성 쿨 썸머 카라티,레포츠의류
여성 lvpg 양면 기모티셔츠,레포츠의류
여성 lvpg 웜 기모 셋업,레포츠의류
여성 르까프 코듀로이 팬츠,레포츠의류
여성 르까프 하프팬츠,레포츠의류
여성 몽크로스 티셔츠,레포츠의류
여성 옵트진 데님 팬츠,레포츠의류
여성 트렉스타 기능성 하프팬츠,레포츠의류
여성 트렉스타 긴팔티 마스크,레포츠의류
여성 트루릴리전 기모 셋업,레포츠의류
여성 페리엘리스 신클라우드 패딩,레포츠의류
여자 미시간 스웻셋업,레포츠의류
울시 남성 스트레치 롱팬츠,레포츠의류
울시 남성 시어서커 셔츠,레포츠의류
울시 남성 시어서커 셔켓,레포츠의류
울시 남성 썸머 쿨 골프 팬츠,레포츠의류
울시 남성 웜기모 롱팬츠,레포츠의류
울시 남성 쿨맥스 골프 카라 셔츠,레포츠의류
울시 스트레치 여름 롱팬츠 남성,레포츠의류
울시 여성 링클프리 셔츠,레포츠의류
울시 여성 봄 가디건,레포츠의류
울시 여성 프린트 에어홀 점퍼,레포츠의류
이엑스알 반팔 카라티 남성,레포츠의류
이젠벅 네파 인퀼팅 패딩 남성,레포츠의류
이지스 냉감 uv자외선차단 마스크,레포츠의류
지프 남성 썸머 멀티웨어,레포츠의류
지프 여성 기모 우븐셋업 티셔츠,레포츠의류
직2 몽크로스 썸머 팬츠 남성,레포츠의류
캘빈클라인 에센셜 기모 셋업,레포츠의류
코몽트 남성용 냉감 선풍기 조끼,레포츠의류
콜마르 여성 코트핏 구스다운,레포츠의류
토마스베일리 남성 기모 셔츠,레포츠의류
트루릴리전 나일론 하프 팬츠 여,레포츠의류
트루릴리전 데님셔츠 여성,레포츠의류
트루릴리전 베스트셋업 남성,레포츠의류
트루릴리전 보아패딩자켓 여성,레포츠의류
트루릴리전 액티브 데님 여성,레포츠의류
트루릴리전 액티브 데님팬츠 여성,레포츠의류
트루릴리전 액티브 코든 데님 여성,레포츠의류
트루릴리전 여름 데님 여성,레포츠의류
트루릴리전 여성 액티브 데님 팬츠,레포츠의류
트루릴리젼 데님셔츠 여성,레포츠의류
팜스프링스 남성 기모 카라셔츠,레포츠의류
팜스프링스 여성 기모 카라셔츠,레포츠의류
팜스프링스골프 남성air기모히트넥,레포츠의류
팻무스 여성 코듀로이 팬츠,레포츠의류
페넬로 남녀 코튼 티셔츠,레포츠의류
폴드온 트레일 러닝 조끼,레포츠의류
푸마 골프 하프 팬츠 여성,레포츠의류
푸마골프 남성 카라티,레포츠의류
푸마골프 스쿠바 셋업 남성,레포츠의류
푸마골프 여름재킷 여성,레포츠의류
푸마골프 여성 스윙패딩,레포츠의류
푸마골프 트리코트 본딩팬츠 여성,레포츠의류
푸마골프 트리코트 팬츠 여성,레포츠의류
험머 3레이어 남성,레포츠의류
험머 3레이어 여성,레포츠의류
험머 남성 패딩트랙수트,레포츠의류
험머 여성 트랙수트,레포츠의류
험머 여성 패딩트랙수트,레포츠의류
험머 여성 플리스 패딩,레포츠의류
험머 유니패딩,레포츠의류
험멜 남성 셋업,레포츠의류
험멜 듀얼웜 디본딩 남성 팬츠,레포츠의류
험멜 여성 듀얼스트레치 조거팬츠,레포츠의류
험멜 여성 방수방풍 패딩 코트,레포츠의류
험멜 웜 패딩 여성,레포츠의류
험멜 코트 베스트 여성,레포츠의류
험멜 투웨이 여성 웨더코트 베스트,레포츠의류
험멜 팬츠 남성,레포츠의류
휠라 fila 벨로아 여성 상하의,레포츠의류
휠라 남성 반팔 카라티,레포츠의류
휠라 여성 헤비 롱패딩,레포츠의류
18주년 렌탈료면제 바디프랜드 팔콘시리즈,렌탈서비스
25년 신상 쿠쿠 100도 끓인 물 정수기,렌탈서비스
25년 신상 쿠쿠정수기 수퍼 페스타,렌탈서비스
5월 원데이 바디프랜드 팔콘 팔콘s 렌탈,렌탈서비스
a 상담예약바디프랜드25fw카릭스로보2510,렌탈서비스
lx지인 뷰프레임 인테리어 상담예약,렌탈서비스
가정의달 렌탈료면제 바디프랜드 팔콘s,렌탈서비스
가정의달 세라젬 통증완화 의료기기 렌탈,렌탈서비스
교육 메가스터디교육 엘리하이 초등교육,렌탈서비스
교육 메가스터디교육 엠베스트 중등교육,렌탈서비스
넥센타이어 타이어교체 렌탈 상담 예약,렌탈서비스
렌탈 넥센타이어 내차 점검 프로젝트,렌탈서비스
렌탈 바디프랜드 카릭스로보 안마의자 bfj,렌탈서비스
렌탈 바디프랜드 파밀레 마사지소파,렌탈서비스
렌탈 바디프랜드 파밀레 마사지소파 해피콜 시 최종 모델 결정,렌탈서비스
렌탈 바디프랜드 팔콘i 안마의자,렌탈서비스
렌탈 바디프랜드 팔콘i 팔콘s 안마의자,렌탈서비스
렌탈 세라젬 마스터 v7 v9,렌탈서비스
렌탈 세라젬 밸런스 이온수기 cgm mwpi,렌탈서비스
렌탈 이지케이 요실금치료기,렌탈서비스
렌탈 제일아쿠아 올인원 정수기,렌탈서비스
렌탈 쾌존 음식물처리기,렌탈서비스
렌탈료면제 신년 바디프랜드 팔콘i,렌탈서비스
모토벨로 전기자전거 스로틀 출고 가능,렌탈서비스
모토벨로 풀옵션 상품권 3만원까지 모토벨로 전기자전거 tx8 pro 오늘 결제0원,렌탈서비스
모토벨로 풀옵션 적립금 3만원까지 모토벨로 전기자전거 tx8 pro 오늘 결제0원,렌탈서비스
바디프랜드 마사지체어 네스톤,렌탈서비스
바디프랜드 메디컬 팬텀 메디컬 파라오,렌탈서비스
바디프랜드 메디컬 팬텀 메디컬 파라오 상담예약,렌탈서비스
바디프랜드 안마의자 카르나,렌탈서비스
바디프랜드 안마의자 카릭스 로보,렌탈서비스
바디프랜드 안마의자 팔콘i,렌탈서비스
바디프랜드 팔콘 팔콘s,렌탈서비스
볼트몬스터 sk단독 풀옵션 상품권 볼트몬스터 전기자전거 vt700 오늘 결제0원,렌탈서비스
상담예약 lx하우시스 창호 인테리어,렌탈서비스
상담예약 넥센타이어 렌탈 next level,렌탈서비스
상담예약 대원칸타빌 정선,렌탈서비스
상담예약 렌탈 넥센타이어,렌탈서비스
상담예약 모토벨로 전기자전거,렌탈서비스
상담예약 모토벨로 전기자전거 tx8 프로2 프로3,렌탈서비스
상담예약 바디프랜드 안마의자 카릭스로보,렌탈서비스
상담예약 바디프랜드 안마의자 팔콘 시리즈,렌탈서비스
상담예약 바디프랜드 안마의자 팔콘i,렌탈서비스
상담예약 바디프랜드 안마의자 팔콘i 렌탈료 면제,렌탈서비스
상담예약 바디프랜드 카릭스로보,렌탈서비스
상담예약 비에스소닉 음파운동기,렌탈서비스
상담예약 세라젬 통증완화 의료기기 렌탈,렌탈서비스
상담예약 인스케이프 양양 by 파르나스,렌탈서비스
상담예약 인스케이프 양양 인 파르나스,렌탈서비스
상담예약 카릭스로보,렌탈서비스
상담예약 카릭스로보 a,렌탈서비스
상담예약 코웨이 아이콘 정수기2 얼음정수기,렌탈서비스
상담예약 통증완화 고주파 의료기기 네스트,렌탈서비스
상담예약 통증완화 고주파 의료기기 네스트 심플,렌탈서비스
상담예약 휴렉 음식물 처리기,렌탈서비스
상담예약 휴렉 음식물처리기 지니,렌탈서비스
상담예약바디프랜드25fw카릭스로보,렌탈서비스
상담예약바디프랜드25fw카릭스로보a,렌탈서비스
상담예약휴렉 음식물처리기 지니2510,렌탈서비스
상담완료 세라젬 통증완화 의료기기,렌탈서비스
상반기결산 바디프랜드 팔콘i,렌탈서비스
상반기결산 세라젬 통증완화 의료기기,렌탈서비스
상반기마지막찬스 세라젬 통증완화 의료기기,렌탈서비스
상조 보람상조피플 스마트299 결합 상품,렌탈서비스
세라젬 마스터v9 v7 의료기기,렌탈서비스
소노시즌 매트리스 오늘결제,렌탈서비스
시공 한샘 인테리어,렌탈서비스
시공 한샘 인테리어 상담예약,렌탈서비스
시공 현대리바트 집테리어 상담예약,렌탈서비스
엘리하이 배민상품권3만원 엘리하이 초등교육 신청,렌탈서비스
엠베스트 만 해도 스타벅스3만원 엠베스트 중등교육,렌탈서비스
엠베스트 배민상품권3만원 엠베스트 중등교육 신청,렌탈서비스
여름페스타 휴렉 음식물처리기 지니,렌탈서비스
연말연시 넥센타이어 렌탈 프로젝트,렌탈서비스
예다함 상조서비스 상담완료시 포트메리온5 또는 칼슈미트압력솥,렌탈서비스
이지케이 레깅스 이지케이 요실금 치료기 상담신청,렌탈서비스
이지케이 요실금 치료기,렌탈서비스
이지케이 요실금치료기,렌탈서비스
자이글온 상품권5만원까지 자이글온 통증완화 의료기기 오늘 결제0원,렌탈서비스
자이글온 출시 상품권5만원 자이글온 통증완화 의료기기 오늘 결제0원,렌탈서비스
제일아쿠아 sk단독 퓨리싱크 정수기 오늘 결제0원,렌탈서비스
카메이트 신차장기렌터카 비교견적,렌탈서비스
카메이트 신차장기렌터카 비교견적 테슬라 모델y 주니퍼 외,렌탈서비스
코웨이 sk 상품권20만원까지 코웨이 아이콘 정수기 오늘결제0원,렌탈서비스
코웨이 sk단독 sk주유상품권까지 코웨이 아이콘 정수기 오늘결제0원,렌탈서비스
코웨이 sk단독 상품권15만원 포트메리온 비렉스 페블 마사지체어 오늘결제0원,렌탈서비스
쾌존 sk단독 상품권 8만원까지 쾌존 음식물처리기 오늘 결제0원,렌탈서비스
쿠쿠 끓인물 슬림 얼음정수기,렌탈서비스
쿠쿠 쿠쿠정수기 렌탈 설치완료시 신세계상품권,렌탈서비스
쿠쿠 쿠쿠정수기 렌탈 설치완료시 신세계상품권 최대40만원,렌탈서비스
퀄리 스포츠 sk 상품권 3만원까지 전기자전거 엑스트론 프로 오늘 결제0원,렌탈서비스
한샘 간단 인테리어 상담,렌탈서비스
휴렉 역대 최대 상품권10만원까지 휴렉 음식물처리기 오늘 결제0원,렌탈서비스
25년 sk 벨라하우스 스프레드,리빙
25년 더 조선호텔 썸머베딩 풀,리빙
25년 벨라하우스 광목 소파패드,리빙
25년sk벨라하우스 스프레드,리빙
3in1 이동식 폴딩 서랍장,리빙
6개 포티니 만능 선반,리빙
agk 쿠킹믹서,리빙
agk 하트q 캡슐세제,리빙
bns 칼로라이트 당내리밥솥,리빙
dnco 디앤코리빙 양우산,리빙
hc 해피콜 스텔라 프라이팬,리빙
k 벨라하우스 냉감 패드1,리빙
k킹 아임슬리핑 냉감 패드,리빙
가누다 골드라벨 라르고 베개,리빙
가누다 블루라벨 피아노 베개,리빙
가누다 스마트폼75 토퍼,리빙
검가드 오리지날 s 치약,리빙
경품찬스 데비마이어 새봄맞이 스페셜,리빙
골드프레임 위너컬렉션 시즌3 특대형,리빙
공구가 필요없는 터치앤터치 매직후크,리빙
구연산 세균끝판왕 행주티슈,리빙
국내생산 아바 kf94 마스크 대형,리빙
글란츠 멀티클리너 글란츠 매직스크럽,리빙
까사마루 2단 멀티 라운드 행거,리빙
까사마루 2단 멀티 라운드행거,리빙
까사마루 멀티 라운드 행거,리빙
까사맘 보석수세미,리빙
까사맘 플래티넘 밀폐 실리콘백,리빙
끝판왕하수구트랩 배수구 클리너,리빙
단독 카미카 검은머리 크림샴푸,리빙
대형3종 휴어스 고주파 워싱스프레드,리빙
더 불스원 겨울안전운전,리빙
더스텐 데일리 후르츠팟,리빙
더조선호텔 프리미엄 에코베딩 풀,리빙
더플레오 니트극세사 베딩,리빙
더플레오 멀티스티치 차렵워싱이불,리빙
더플레오 몽글 멀티 스프레드,리빙
더플레오 소프트 faux 퍼 카페트,리빙
더플레오 스노우서커 썸머,리빙
더플레오 자수차렵워싱이불,리빙
더플레오 피그워싱 호텔식 베딩 풀,리빙
데미바이어 새봄맞이 특별 20p,리빙
데비마이어 물가안정 스페셜,리빙
데일리아이디어 혁명티슈,리빙
데코즈인 슈퍼와이드 체어,리빙
덴핏 딥클린 올인원 칫솔 실속형,리빙
델리원 실리콘백,리빙
델리원 플래티넘 밀폐 실리콘백 풀,리빙
델리원 플래티넘 실리콘백 풀,리빙
동아제약 검가드 오리지널s 7일,리빙
동아제약 검가드오리지널에스 치약,리빙
듀이노 회전식 만능 채칼,리빙
때가 쏙 비트 캡슐세제,리빙
때르마니 때장갑 롱 때타올,리빙
땡스소윤 냉동용기 베스트셀러,리빙
똑딱이시즌2,리빙
라꾸라꾸 포켓 모션베드 접이식 침대,리빙
라바노바 시트세제,리빙
라오메뜨 전설의 패치 프리미엄,리빙
라오메뜨 전설의 패치 프리미엄 혼합,리빙
라오메뜨 전설의패치 프리미엄,리빙
락앤락 비스프리 세척솔2p,리빙
락앤락 스마트킵 밀폐용기,리빙
락앤락 스마트킵 신선 밀폐용기,리빙
루즈 노즈케어 비염치료기,리빙
리빙톤 실리콘 키친툴,리빙
리빙톤 이동식 폴딩 수납장,리빙
리빙톤 정리왕 압축팩,리빙
리빙톤 핸드미싱 똑딱이 리폼박사,리빙
마블 sk단독 리클라이닝 체어 풀,리빙
마이가 스텝업 계단운동기,리빙
마이가 스텝업 계단운동기 천국의계단,리빙
메디니스 셀룰라 롤러 무선 마사지기,리빙
모두짜드림 짤순이,리빙
모락 떡 제조기 g2g,리빙
미끄리노 논슬립코트 미끄럼방지젤,리빙
미드센 내맘대로 접이식 행거,리빙
미드센 내맘대로 접이식행거,리빙
미드센 프리미엄 5단 서랍장,리빙
미싱맘 꼬매지오,리빙
미싱맘 꼬매지오 미싱기,리빙
바샘 야채탈수기 채칼 믹싱볼,리빙
바이빔 뜨왈드주이 냉감 베딩 풀,리빙
방 솔라자르 에스닉 리버시블 풀,리빙
방송상품 카스 개인용 저주파자극기,리빙
밸런스핏 블랙에디션,리빙
벤소닉 오버씨 여행가방,리빙
벨라로사 자이언트곰솥 채칼 믹싱볼,리빙
벨라하우스 광목 소파패드,리빙
벨라하우스 냉감소파패드,리빙
벨라하우스 소프트 플란넬 차렵이불,리빙
벨라하우스 스퀘어핀쿨 냉감패드,리빙
벨라하우스 시어서커차렵이불,리빙
벨라홈 5단 철제 트롤리,리빙
벨라홈 압축팩 파워펌프,리빙
벨루아체 금거북 장수 건강팔찌,리빙
보다조은 삶은것처럼 주방세제,리빙
부가티 블랙월넛 엔드그레인 도마 풀,리빙
부하우스 압축,리빙
부하우스 이불 압축 특대형4 대형2,리빙
부하우스 이불 정리함,리빙
블라우풍트 에어이지 헤어스타일러,리빙
빈블랑 높이조절 이동식모션테이블,리빙
빈블랑 슬라이딩 수납함,리빙
빈블랑 슬라이딩 틈새 수납함,리빙
빈블랑 오테옷걸이,리빙
빈블랑 오테옷걸이 논슬립패드20개,리빙
빈블랑 올 뉴 드레스룸 올인원,리빙
빈블랑 화이트 드레스룸 올인원,리빙
빈블랑 화이트 올뉴 확장형 드레스룸,리빙
사랑예감 듀얼슬립베개,리빙
사랑예감 목 머리따로 듀얼슬립 베개,리빙
산으로 천국의 계단 스텝퍼 운동기구,리빙
산으로 천국의계단 스텝퍼 운동기구,리빙
선일금고 메타셀 mc,리빙
선일금고 메타셀 메타큐브 mtc,리빙
소옥 암막 자외선차단 양우산,리빙
소파카멜레온 윌리 소파커버,리빙
솥밥대통령 골드,리빙
숀리 천국의 계단 스텝밀,리빙
슈퍼싱글 라뽐므 3중직 쿨냉감 패드,리빙
슈퍼싱글 메종노아 로사워싱 차렵이불,리빙
슈퍼싱글 휴어스 극세사 볼륨 이불,리빙
스위스알파인클럽 트윈 에어베드,리빙
스칸디노티아 큐브 스텐 밧드,리빙
슬로티크 양모패드,리빙
슬룸 허리편한케어 목편한케어,리빙
시즌2 차고가요 요술가방 힙색,리빙
식물박사 김일호의 왕잘커,리빙
신라젠 지특전1 넥피라 np100,리빙
싱글 스위스알파인클럽 트윈 에어베드,리빙
싱싱퀸 프레쉬박스 백,리빙
아로스파 필터 샤워기,리빙
아이넥스 클린엣지 점보 식기건조대,리빙
아이넥스 클린엣지4 식기건조대,리빙
아이넥스 클린엣지5 식기건조대,리빙
아이넥스 클린엣지s 식기건조대,리빙
아치솔 족저근막 깔창,리빙
아치솔 족저근막 깔창 인솔,리빙
아치솔 파워 아치 깔창,리빙
아치솔 파워 아치 깔창 2,리빙
아텍스 테이핑 자석패치 끝장,리빙
아텍스 테이핑 자석패치 올킬,리빙
아토만 무선 온열 찜질 마사지벨트,리빙
아토만 허리 온열찜질 마사지밸트,리빙
앙드레김 golf 양우산,리빙
앙드레김골프 암막 자동 양우산,리빙
앤솔로지 미니 암막 양우산,리빙
에서만 나에노 프리미엄 액체세제,리빙
에어룸 25년 슈퍼쿨링 냉감침구,리빙
에지리 스텐큐브 g 프라이팬,리빙
에지리 스텐큐브g 프라이팬 풀,리빙
에코라믹 ih 슬림 프라이팬,리빙
에코벤 시트세제,리빙
에코벤 시트세제 런드리백,리빙
에코하임 밀폐 실리콘백,리빙
엠팩플러스 점보 아이스링 넥쿨러,리빙
오슬로 v2x led 전동 마사지건,리빙
오슬로 마사지건,리빙
오슬로 마사지건 찬스,리빙
오티크 크리스탈 바큠 진공 밀폐용기,리빙
완벽 컨센서스 화이트클린 세탁세제,리빙
외풍막아,리빙
욕실의여왕 고체형 실내탈취제,리빙
욕실의여왕탈취제12개,리빙
웰업 한장 팡팡 수세미 6롤,리빙
이지스 냉감 uv자외선차단 마스크,리빙
이지스 냉감 자외선차단마스크,리빙
일시불 부하우스 압축,리빙
일월 쿨링패드,리빙
자동 딸깍 바로바로 밀대청소포,리빙
재촬3 크린바바 버블왕,리빙
전 블랙홀 카매트 엑스원,리빙
정리의 달인 깔끔 선반 원형후크,리빙
정상 테팔 인텐시브블랙 프라이팬,리빙
조이짐 홈필라 리포머,리빙
지나송 러블리 냉감이불,리빙
지나송 리프 3중직 냉감 침구,리빙
지나송 시에르 자카드 암막커튼 중형,리빙
지나송 엠마 자수 암막커튼 중형,리빙
지니 쮸욱 기름제거시트 찬스,리빙
지니 쮸욱 대형 중형 기름제거시트,리빙
지특 벨라하우스 광목 소파패드,리빙
지특k벨라하우스 냉감 패드11,리빙
지특전 아치솔 파워 아치 깔창,리빙
직 6개 포티니 만능 선반,리빙
차고가요 요술가방 힙색,리빙
찬스 더원 카매트 프리미엄 플러스,리빙
찬스 발로쓱 청소 실내화 청소포,리빙
찬스 에지리 스텐큐브 g 프라이팬,리빙
최다 스텐짱 자이언트 스텐대야,리빙
카미카 검은머리 크림샴푸,리빙
칼만 대용량 스텐밧드 풀,리빙
칼만 스텐큐브 웨이브 밧드 풀,리빙
칼만 스텐큐브웨이브 밧드,리빙
칼만 스텐큐브웨이브 밧드 13p,리빙
칼만 큐브 웨이브밧드 풀,리빙
컨센서스 화이트클린 세탁세제,리빙
코지마 다리마사지기 리에너,리빙
코지마 복부저주파기 코지코어맥스,리빙
코지샵 극세사 자수 카페트,리빙
쿠자 쿠도,리빙
쿡세라 풀스테인리스 제로팬,리빙
퀸 스위스알파인클럽 트윈 에어베드,리빙
크라스타홈 코튼인견 자카드 카페트,리빙
크린바바 버블왕,리빙
크린바바 파워도트 매직티슈,리빙
크린바바 한번에 싹 버블왕 분사기,리빙
크린바바 한번에싹 버블왕 분무기,리빙
크린위즈 곰팡이제로 방수왕 코팅,리빙
크린위즈 싹다지워 매직시트,리빙
클라비스 비타 팔찌 목걸이,리빙
클라비스 비타 팔찌목걸이,리빙
클라이덴 더 퍼플 안티옐로우 치약,리빙
키리아 usa코튼 코마사 타올,리빙
키친웰 위드 ih 브이쿡 냄비,리빙
킹스텐 대용량 요술 짤순이,리빙
테이핑테크 3세대 gx 허리보호대,리빙
테이핑테크 gx 멀티 무릎보호대,리빙
테이핑테크 gx 허리보호대,리빙
테이핑테크 st 발목보호대,리빙
테이핑테크 st 아치발목보호대,리빙
테이핑테크 st 팔꿈치 손목보호대,리빙
테이핑테크 바른자세 테이핑웨어,리빙
테이핑테크 토탈케어 ems 마사지기,리빙
테팔 뉴 티타늄 래디언트 프라이팬,리빙
테팔 매직핸즈 화이트골드 에디션,리빙
테팔 매직핸즈 화이트골드에디션,리빙
테팔 인텐시브 블랙,리빙
테팔 인텐시브블랙 프라이팬,리빙
테팔 티타늄 마스터쿡 ih 프라이팬,리빙
토미로더 팡이야,리빙
티페스타 외풍막아,리빙
파베르 엔드그레인 도마 풀,리빙
파뷔에 항균도마 도자기 스페셜 주방,리빙
판판1 에코벤 시트세제,리빙
판판2 칼만 스텐큐브웨이브 밧드,리빙
포트메리온 보타닉가든 4인 29p,리빙
포티니 만능 건조대,리빙
포티니 만능선반,리빙
폴드온 트레일 백,리빙
프리미엄 라셀 퍼 베딩 sk,리빙
프리파라 트라이탄 밀폐용기 브루클린,리빙
플라츠 볼륨업 무선 빗고데기,리빙
핏테라 김문호 원장의 허리펴,리빙
한방에 뚫리는 토미로더 팡이야,리빙
헤르젠 올스텐 찜기마스터,리빙
홈트리 오테 옷걸이 논슬립패드20p,리빙
홈트리 올인원 드레스룸 행거 모션봉,리빙
황영조의 닥터유 바로풋,리빙
1억장 기념 동국제약 더마마스크팩,뷰티
1억장 동국제약 더마마스크팩,뷰티
3분 염색 보스티나 더플러스 염색제,뷰티
ag 고데기 스타일러,뷰티
ag 고데기 스타일러 헤어에센스,뷰티
ahc 프라임 엑스퍼트 기 트리플,뷰티
가히 공주부양 볼륨부스터 샴푸,뷰티
가히 공주부양 볼륨부스터 샴푸 매니아,뷰티
가히 최다 가히 캐비어밤 매니아,뷰티
가히 캐비어 멀티밤 cv 매니아,뷰티
가히 캐비어 샤인핏 선스틱 톤업선세럼,뷰티
가히 캐비어밤 매니아,뷰티
감쪽이 수제 보브 통가발,뷰티
감쪽이 수제 인모 가발,뷰티
감쪽이 수제 인모 정수리 가발,뷰티
감쪽이 직 감쪽이 수제 보브 통가발,뷰티
경품 동국제약 마데카크림 찬스,뷰티
경품찬스 프롬더스킨 링클 리프팅 패치,뷰티
고객감사 방송 동국제약 마데카 크림,뷰티
고센뷰티 오토롤링 고데기,뷰티
고센뷰티 오토롤링 고데기 완벽,뷰티
골드베라 24k 황금기 완벽3,뷰티
구매 부케가르니 바디워시,뷰티
글래쉬 반영구 착붙속눈썹,뷰티
기미제로 아세로라 기미크림,뷰티
기본 글래쉬 반영구 착붙 속눈썹 풀,뷰티
기본 글래쉬 반영구 착붙속눈썹 풀,뷰티
기본 김소형 본 생곡물팩 클렌저,뷰티
기본 김소형 본초진액 염색고 염색도구,뷰티
기본 마미케어 율무영양크림 기본,뷰티
기본 청춘눈썹 아이브로우 펜,뷰티
기본 프롬더스킨 글루타치온 미라클 밤,뷰티
기절 바나나 필링필링젤,뷰티
김선희 pick 보스티나 염색제,뷰티
김소형 본 곡물팩 클렌저,뷰티
김소형 본 클렌저,뷰티
김소형 본초순백 비단쌀 선크림,뷰티
꾸띄르헤어 스킨락토7714 염색샴푸,뷰티
끌레드벨 골드 리프팅팩 블랙에디션,뷰티
끌레드벨 글로우 v밀착 쿠션,뷰티
끌레드벨 기미선크림 상품평 빅쇼퍼백,뷰티
끌레드벨 리프트 v쿠션 기본,뷰티
끌레드벨 콜라겐리프팅 기 매니아,뷰티
나인테일즈 아이백크림 매니아,뷰티
노팅힐 남성 올인원 완벽,뷰티
노팅힐 올인원 남성 기초,뷰티
닥터코스 스노우화이트 물광마스크,뷰티
닥터피코텐 기미앰플 기본,뷰티
단독 닥터3 블랙 펩타이드 세럼카라,뷰티
단독 코리아나 리턴크림,뷰티
달바 워터 선앰플,뷰티
달바세럼 항산화 용량 u 바이탈크림,뷰티
대웅제약 이지듀 코어 리프팅 앰플,뷰티
대웅제약 이지듀 한가인 쿠션,뷰티
더마클라센 레몬 샴푸 x 최대용량,뷰티
더창 남녀공용 정수리 가발,뷰티
동국제약 10주년 마데카 크림,뷰티
동국제약 25년 마데카 크림,뷰티
동국제약 고주파 괄사 마사지기,뷰티
동국제약 더 마데카크림 아이크림 분,뷰티
동국제약 마데카 멜라캡쳐 앰플 프로,뷰티
동국제약 마데카 선크림,뷰티
동국제약 마데카 유스 퍼펙션 기 완벽,뷰티
동국제약 마데카 유스퍼펙션 아이크림,뷰티
동국제약 마데카 쿨링 선스틱,뷰티
동국제약 마데카 크림 타이트 리프팅,뷰티
동국제약 마데카 크림6,뷰티
동국제약 마데카 프라임 탱글샷,뷰티
동국제약 마데카크림 최대용량 전,뷰티
동국제약 마데카크림 타이트 리프팅,뷰티
동국제약 세이프 선크림 선스틱,뷰티
동국제약 썸머 스페셜 크림,뷰티
동국제약 타이트 리프팅크림,뷰티
동국제약 탄력리프팅 풀케어,뷰티
동국제약 탄력리프팅 풀케어 앰플,뷰티
동화약품 후시드 바이옴 크림,뷰티
듀얼소닉 이펙트 집중초음파 탄력기기,뷰티
들깨미백크림 특대용량,뷰티
디폰데 멜라엔드 선 블럭 미스트,뷰티
라라츄 헤어커버쿠션 신진영 특별,뷰티
라비오라 배종옥 레몬꿀팩,뷰티
랜턴스 무선 빗고데기,뷰티
레스노베 울트라 코어샷 디바이스,뷰티
레스노베 코어 임팩트 디바이스 영롱한,뷰티
레스노베 코어 임팩트 앰플 x 부스터,뷰티
루킨스 헤어랩,뷰티
르꽁뜨 샤인케어 드라이기 프리미엄,뷰티
르베라쥬 앰플 마스크팩 가,뷰티
리브이셀 괄사 리프팅 크림 x 방송,뷰티
리체나 삼푸형 3분 염색제,뷰티
리체나 샴푸형 3분 염색제 가성비,뷰티
마데카 프라임 화이트펄 리추얼,뷰티
마르치오 클래식 멀티백3종,뷰티
마미케어 들깨톤업선크림 마스크팩,뷰티
매니아 글러브인어 방패크림,뷰티
매스티나 화이트매스틱 기미관리 방송,뷰티
메디앤서 스킨핏 콜라겐 나노샷 마스크,뷰티
메디큐브 에이지알 부스터프로,뷰티
메디큐브 에이지알 하이포커스샷,뷰티
메디테라피 링클핏,뷰티
메디테라피 링클핏 마스크 기본,뷰티
메디테라피 슈마지 크림기기,뷰티
메즈클라 스킨케어 엑토인 에센스 비비,뷰티
모리즘 스칼프 뿌리는 탈모앰플 x,뷰티
미고가 그린허니 워시오프팩,뷰티
미고가 그린허니 워시팩,뷰티
미바 왕쿠션 시즌3,뷰티
미바 왕쿠션 시즌3 리필,뷰티
바로인 런닝화 쿠션 슬리퍼 남성,뷰티
방송 김희애 끌레드벨 물톡크림 영뷰티,뷰티
방송 김희애의 끌레드벨 물톡크림,뷰티
방송 끌레드벨 콜라겐리프팅 기 매니아,뷰티
방송 이자녹스 듀얼커버 쿠션 4개용량,뷰티
방송 클랍 아사필 프로그램,뷰티
버블 마스크팩,뷰티
베리썸 립타투 틴트팩 립타투 립오일,뷰티
벨도라 v9 프로미백크림,뷰티
보스티나 더플러스 염색제,뷰티
부케가르니 비타콜라겐 바디워시,뷰티
브이쎄라 ems 탄력기기,뷰티
블라우풍트 에어이지 헤어스타일러,뷰티
블라우풍트 헤어스타일러 방송,뷰티
비바스 맥주효모 탈모샴푸,뷰티
비바스 맥주효모 탈모완화 샴푸,뷰티
뿌리는 마그네슘 쿨슘3개,뷰티
뿌리는 마그네슘 핫슘3개 쿨슘2개,뷰티
성분에디터 녹는실 앰플 리프팅 매니아,뷰티
성분에디터 녹는실 앰플 리프팅 최고가,뷰티
성분에디터 줄기 단백 녹는실 아이크림,뷰티
세인트프랑 블레미쉬 끄렘므 수정샵,뷰티
셀루즈 광노화 케어 스페셜,뷰티
셀헤디 루베 원스텝 뿌리 볼륨펌,뷰티
셀헤디 원스텝 10분 뿌리펌 시즌2,뷰티
슈틸루스터 헤어 스타일러 방송,뷰티
슈틸루스터 헤어스타일러,뷰티
스와니브 캐비어 아이크림,뷰티
스카프 엘로엘 블랑스틱 블랙라벨 기본,뷰티
스킨어게인 타투그리모,뷰티
스킨어게인 타투그리모 아우라,뷰티
스킨어게인 타투그리모 헤어라이너1,뷰티
신데렐라 마스카라 매니아,뷰티
신데렐라 마스카라 아이패치,뷰티
심플리카 캐비어 리프팅 크림 대용량,뷰티
쏘헤어 모로코 아르간 오일 프리미엄,뷰티
쏘헤어 모로코 아르간 탈모샴푸,뷰티
쏘헤어 모로코 아르간 탈모샴푸 분,뷰티
쏘헤어 모로코 아르간 헤어오일,뷰티
쏘헤어 아르간 너리싱 샴푸 분,뷰티
쓱싹뽕끗 에포테쉬 볼륨 브러쉬 기본,뷰티
아쇼라 키아이디 에센스 뱀부시트,뷰티
아트델리 톤업선크림 방송,뷰티
아트델리 톤업선크림 최다 방송,뷰티
아티스트 태양 실기둥 볼류머 x,뷰티
알앤비 볼륨 트리트먼트,뷰티
알앤비 실크염색제,뷰티
에스떼미알레 태반 크림 기기,뷰티
에코더마 수분 선크림,뷰티
에포테쉬 새치 볼륨 브러쉬 기본,뷰티
엘렌실라 듀얼 아이브로우 쿠션,뷰티
엘렌실라 씨씨피 펩타이드 아이크림,뷰티
엘로엘 블랑스틱 블랙라벨 트리플,뷰티
엘로엘 팡팡 빅 선쿠션s8 기본,뷰티
엘루자이 골드 콜라겐 기,뷰티
엘루자이 콜라겐 링클밤,뷰티
엘지생활건강 베스트 남성 기초,뷰티
엘지생활건강 원데이 보닌 남성 기초,뷰티
엘지생활건강 이자녹스 듀얼커버쿠션,뷰티
엘클레어 필링젤,뷰티
여배우 김청의 프롬더스킨 선크림,뷰티
염색제 모나리스타 컬러크림 핑거볼륨,뷰티
영뷰티 김소형 본초순백 비단쌀 선크림,뷰티
완벽 성분에디터 딥콜라겐 멜팅 패치,뷰티
완벽 에스틸로 모이스처 볼륨 립스틱,뷰티
용량 라라츄 헤어 커버 쿠션,뷰티
원더바스 조성아 레몬청 클렌저 뉴,뷰티
월중 루킨스 헤어랩,뷰티
웰라쥬 캡슐 앰플 시즌3 기본,뷰티
웰라쥬 캡슐 앰플 시즌3 매니아,뷰티
유황 스크럽 바디워시바디로션,뷰티
이자녹스 듀얼커버 쿠션 4개용량,뷰티
이자녹스 듀얼커버 쿠션 리필2 퍼프3,뷰티
이자녹스 플라제닉 단백질 크림 매니아,뷰티
이지 헤어풀 탈모 치료기,뷰티
이지클레어 부스팅 크림,뷰티
일주일 찬스 랜턴스 무선 빗고데기,뷰티
장미화 3분 염색약 렛미모 염색제,뷰티
재클린 퍼펙트볼륨 원장님,뷰티
재클린스타일 탄탄볼륨샴푸,뷰티
재클린스타일 퍼펙트 헤어볼륨 원장님,뷰티
쟈스 3x 골조 크림 대용량,뷰티
전 고객 믹싱볼 보스티나 염색제,뷰티
전 고객 신선용기 보스티나 염색제,뷰티
전고객 드라이기 보스티나 염색제,뷰티
전고객 무선 고데기 보스티나 염색제,뷰티
정품 에코더마 선크림 x,뷰티
정품 에코더마 수분 선크림,뷰티
정품 에코더마 수분 선크림 x,뷰티
제시카 헤어큐 인모 정수리 펌가발,뷰티
제시카 헤어큐 인모정수리 펌 가발,뷰티
조성아 tm 블랙케라틴 속눈썹 영양제,뷰티
조성아 레몬청 클랜저,뷰티
조성아 멜라샷 토닝앰플 방송,뷰티
조성아 속눈썹 볼륨 영양제 방송,뷰티
조윤주 더마시모 리덴실 스칼프 앰플,뷰티
종근당건강 괄사 목주름크림 퍼플라벨,뷰티
주영엔에스 헤어 콜라겐 인텐스 더,뷰티
지엘리 락토콜라겐 미니 토트백,뷰티
직2차 하라즈 앰플염색제 샴푸트트,뷰티
직수입 엠디 폴리클 에너자이져 기본,뷰티
참존 콘트롤 크림 sk단독,뷰티
참존 탑클래스 리프팅 기 7세대 완벽,뷰티
체인백 엘로엘 블랑스틱 블랙라벨 기본,뷰티
최다 김소형 본초순백 비단쌀 선크림,뷰티
최다 리체나 삼푸형 퍼퓸 염색제,뷰티
최다 리체나 샴푸형 퍼퓸 염색제,뷰티
최대용량 동국제약 더 마데카크림,뷰티
최대용량 키아이디 에센스 뱀부시트,뷰티
최저가 동국제약 마데카 기미앰플쿠션,뷰티
캐비어 미스트 풀케어,뷰티
컬러딥 찐커버 스틱 팩트 기본,뷰티
컬러딥 찐커버 크림 커버 팩트,뷰티
케라셀네일 손발톱영양케어,뷰티
코리아나 리턴크림 프리미엄 캐비어,뷰티
클랍 a 클래식 크림 매니아,뷰티
클랍 a 클래식 크림 최현우,뷰티
키라니아 서리태 탈모 샴푸 방송,뷰티
키아이디 에센스 뱀부시트,뷰티
타투그리모 헤어라이너1,뷰티
투라 리프팅 여신 속눈썹,뷰티
투라 속눈썹,뷰티
특대용량 한고은의 애사비 클렌저,뷰티
티나툴스 쌍꺼풀 속눈썹,뷰티
틴톤 대왕 볼륨 쿠션 x 단독,뷰티
판판1 엘클레어 필링젤,뷰티
팔레오 맥주효모비오틴 헤어토닉,뷰티
팡팡바이정운 볼륨업 헤어틴트,뷰티
팩트 최대용량 닥터3 링클필 커버팩트,뷰티
포예 핑크다이아 쿠션 리필3개,뷰티
포예 핑크다이아 쿠션 팩트,뷰티
프라우카 앰플 오일 펌프3개,뷰티
프롬더스킨 링클 리프팅 패치 기본,뷰티
프롬더스킨 클렌징폼,뷰티
플로너스 꽃을 담은 디퓨저 스페셜,뷰티
플루 퍼퓸 바디워시,뷰티
플루 퍼퓸 바디워시 최대용량 방송,뷰티
플루 퍼퓸드 스파스크럽 바디워시,뷰티
플리닉 플라즈마 업라이저 풀 앰플,뷰티
하라즈 앰플 염색제,뷰티
헤드스파 볼류머 헤어픽서 매니아,뷰티
헤드스파 블루밍 헤어볼륨스타일러,뷰티
25년 자연감성 풍기인견 트렁크,언더웨어
25년 케이실크 풍기인견 브라탑,언더웨어
25신상 no 조아하다 인견 브라탑 런닝형,언더웨어
25신상 레이프릴 인견 보정 브라팬티,언더웨어
25신상 아디다스 로고 올메쉬 드로즈,언더웨어
25신상 크로커다일 에어라이트 감탄브라,언더웨어
25신상 클라시안 국내생산 기능성 안심팬티,언더웨어
25신상 피트인 인견 브라 원피스 몰드,언더웨어
25직 루시헨느 데일리 코튼 란쥬,언더웨어
2만원인하 디어온미 자수 기모본딩 팬츠,언더웨어
2만원인하 텐텐 푸마 남성 기능성 멀티팬츠,언더웨어
2만원인하 푸마 남성 기능성 멀티팬츠,언더웨어
cnn 기능성 언더셔츠,언더웨어
fitin 피트인 코튼 레이온 브라란쥬,언더웨어
no 슬레진저 블랙라벨 드로즈,언더웨어
no 아키 듀얼 리프팅 브라팬티,언더웨어
no 클라시안 텐셀모달 네모팬티,언더웨어
pat 소프트필 동내의 남성,언더웨어
try 25년 에어로쿨x크레오라 드로즈,언더웨어
try 인견x아스킨 기능성 드로즈,언더웨어
try 트라이 히트업 남성 동내의 특 가,언더웨어
try 피치기모 파자마 팬츠,언더웨어
가 아놀드파마 남성 드로즈,언더웨어
게스 릴렉스핏 브라탑,언더웨어
게스 메가히트 웜웨어,언더웨어
게스 에어로쿨 메쉬 드로즈 티셔츠1종,언더웨어
골드파일 기능성 드로즈,언더웨어
공식수입원정품 아디다스 웜테크 바디웨어,언더웨어
깃털같은 가벼움 제로브라 인견 브라팬티,언더웨어
단독 골드파일 기능성 드로즈,언더웨어
단독 단스킨 데일리 보정팬티,언더웨어
단독 디어온미 플라워 플리츠 팬츠,언더웨어
디어온미 자수 기모본딩 팬츠,언더웨어
디어온미 플라워 플리츠 팬츠,언더웨어
라렌느 리프팅 브라팬티,언더웨어
라렌느 모달 요술 스킨 티셔츠,언더웨어
라렌느 모달 홀가먼트 보정 웜웨어,언더웨어
라렌느 슬림핏 리얼 거들 팬티,언더웨어
라렌느 슬림핏 바디수트,언더웨어
라렌느 슬림핏 올인원 바디수트,언더웨어
라렌느 슬림핏 풀커버 밀착 거들팬티,언더웨어
라렌느 아이스 커버 업 인견 브라팬티,언더웨어
라렌느 퍼펙트 컷 바디수트,언더웨어
라렌느 퍼펙트핏 밀착 거들팬티,언더웨어
라렌느 플라워 레이스 브라팬티,언더웨어
라미카 미라클 란쥬,언더웨어
라쉬반 네이처 드로즈,언더웨어
라쉬반 엠비션 드로즈 컬렉션,언더웨어
라코스테 기능성 드로즈,언더웨어
라페어 나염 패딩 베스트,언더웨어
라페어 남성 새틴 파자마,언더웨어
라페어 남성 인견 셋업,언더웨어
라페어 레트로 레이디 팬티 브라탑 랜덤1종,언더웨어
라페어 레트로레이디 팬티 레이온 브라탑,언더웨어
라페어 바로크 앤 로코코 팬티 브라탑,언더웨어
라페어 스킨핏 토탈 컬렉션,언더웨어
라페어 썸머인견 민소매 핀턱셋업,언더웨어
라페어 여성 새틴 파자마,언더웨어
라페어 여성 썸머팬츠,언더웨어
라페어 인견 썸머 셋업,언더웨어
라페어 인견 핀턱 상하의 셋업,언더웨어
라페어 인견100 썸머 파자마,언더웨어
라페어 인견100 핀턱 셋업,언더웨어
럭키찬스 푸마 액티브 데일리 남성 런닝,언더웨어
레이프릴 썸머가든 인견팬티,언더웨어
레이프릴 인견메쉬 브라팬티,언더웨어
레이프릴 플라워가든 인견팬티,언더웨어
로질리 썸머 쿨 인견 원피스 브라캡,언더웨어
루시헨느 데일리 코튼 란쥬,언더웨어
루시헨느 모달 쉐이핑 팬티,언더웨어
루시헨느 스킨라이트 썸머 보정란쥬,언더웨어
루시헨느 스테디셀러 모달 쉐이핑 팬티,언더웨어
루시헨느 썸머 메쉬 란쥬,언더웨어
루시헨느 융기모 란쥬,언더웨어
베네통 에어핏 브라팬티,언더웨어
베네통 퓨징 브라팬티,언더웨어
베네통 퓨징드로즈 티셔츠,언더웨어
베스트오브베스트 루시헨느 데일리 코튼 란쥬,언더웨어
벨레즈온 데일리 심리스 스킨 브라팬티,언더웨어
벨레즈온 메쉬 레이스 브라팬티,언더웨어
벨레즈온 서라운드 메쉬 브라팬티,언더웨어
벨레즈온 서라운드 프로럴 메쉬 브라팬티,언더웨어
벨레즈온 심리스 베이직 브라팬티,언더웨어
벨레즈온 심리스 브라팬티,언더웨어
벨레즈온 심리스 브라팬티 베이직,언더웨어
보디가드 단독 남성 cool메쉬 드로즈,언더웨어
보디가드 에어로웜 남성 동내의,언더웨어
비비안 bbc 라이크라 탄력 쉐이퍼,언더웨어
비비안 단독 프리모션 인견텐셀 브라팬티,언더웨어
비비안 라인핏 아쿠아x 브라팬티,언더웨어
비비안 라인핏 아쿠아엑스 브라팬티,언더웨어
비비안 슬림핏 프리미엄 쉐이퍼 팬티,언더웨어
비비안 슬림핏 프리미엄코튼 브라팬티,언더웨어
비비안 프리모션 인견 브라팬티,언더웨어
비비안 프리모션 인견텐셀 브라팬티,언더웨어
비비안 프리모션 풀커버 브라팬티,언더웨어
비비안 프리미엄 풀커버 쉐이퍼 팬티,언더웨어
비비안 프리컷 쉐이퍼 팬티,언더웨어
빅히트 벨레즈온 심리스 브라팬티 베이직,언더웨어
빅히트 텐텐 푸마 기능성 남성 멀티팬츠,언더웨어
상콤플렉스 브라팬티,언더웨어
상콤플렉스 이지웨어,언더웨어
상콤플렉스 퍼펙트 커브스 거들 팬티,언더웨어
샤론느 세이프가드 논샘팬티,언더웨어
샤론느 풍기인견 안심 논샘팬티,언더웨어
샤빌 모달 블렌디드 보정 맥시팬티,언더웨어
스넬리 여성 기모 컴포트팬츠,언더웨어
슬레진저 블랙라벨 드로즈,언더웨어
슬레진저 블랙라벨 드로즈10종,언더웨어
시슬리 sisley 리프팅 맞춤 브라팬티,언더웨어
시슬리 sisley 브라탑 셔츠,언더웨어
시슬리 sisley 퓨징 브라팬티,언더웨어
시슬리 sisley 프리사이즈 맥시 팬티,언더웨어
시슬리 에어맥시 퓨징 브라팬티,언더웨어
신영와코루 인견 란쥬쉐이퍼 팬티,언더웨어
아놀드파마 기능성드로즈10종,언더웨어
아놀드파마 남성 드로즈,언더웨어
아놀드파마 남성 보아퍼 기모 융 팬츠,언더웨어
아놀드파마 남성 보아퍼 셰르파 기모 팬츠,언더웨어
아놀드파마 남성 융기모 반전 팬츠,언더웨어
아놀드파마 드로즈 하프집업,언더웨어
아놀드파마 매직홀 긴팔 카라 티셔츠 남성,언더웨어
아놀드파마 보아퍼 진짜 편한 팬츠 남성,언더웨어
아놀드파마 여성 보아퍼 기모 융 팬츠,언더웨어
아놀드파마 여성 코듀로이 퀄팅 자켓,언더웨어
아놀드파마 웜 터틀넥 티셔츠 남성,언더웨어
아디다스 냉감 쿨링 드로즈,언더웨어
아디다스 브라팬티,언더웨어
아디다스 신상 여성 에어로레디 웜웨어,언더웨어
아디다스 에어로레디 숨쉬는 브라탑,언더웨어
아디다스 에어로레디 테크핏 브라탑,언더웨어
아디다스 에어웨이 드로즈,언더웨어
아디다스 정품 남성 동내의,언더웨어
아디다스 제로필 시즌2 브라팬티,언더웨어
아디다스 피케 쿨메쉬 브라탑,언더웨어
아디다스 핫썸머 올메쉬 드로즈,언더웨어
아이릴리 인견 라글란 셋업 가든,언더웨어
앱1만원 라쉬반 엠비션 드로즈 컬렉션,언더웨어
에르뷔보떼 사각거들 팬티,언더웨어
에스까다 풀 커버리지 브라팬티,언더웨어
에스컨트롤 속바지일체형 기능성스타킹,언더웨어
에스프리 코튼모달 여성 모크넥,언더웨어
여유 썸머 인견 파자마,언더웨어
오렐리안 기능성 면 브라탑,언더웨어
오렐리안 썸머인견 5중 안심팬티,언더웨어
오렐리안 엑스크로스 인견 브라팬티,언더웨어
오렐리안 인견 기능성 안심팬티,언더웨어
오렐리안 인견 에어핏 브라팬티,언더웨어
오렐리안 인견x크레오라 5중 안심팬티,언더웨어
오렐리안 인앤아웃 코튼 브라탑,언더웨어
오렐리안 풍기인견 냉감 브라탑,언더웨어
오렐리안 풍기인견 냉감 브라탑3종,언더웨어
오렐리안 풍기인견 런닝형 브라탑,언더웨어
오렐리안 히트모 브라탑,언더웨어
오리지널리 나염 컴포트팬츠,언더웨어
오모떼 스킨 맥시 보정팬티 랜덤2종,언더웨어
오모떼 올인원 바디수트,언더웨어
오모떼 텐션업 브라팬티,언더웨어
오시래 플리츠 기모 팬츠,언더웨어
웅니버스 란체티 썸머 쿨 카라티,언더웨어
유아굿 플리츠 찰랑 원피스,언더웨어
이지코지 썸머브리즈 인견팬티,언더웨어
이지코지 인견100 냉감 원피스3종,언더웨어
인하 블루핏 양말 컬렉션,언더웨어
입점 단독 단스킨 데일리 보정팬티,언더웨어
저스핏 기능성 드로즈10종,언더웨어
정말 편한 속옷 포근무빙 브라팬티,언더웨어
정말편한속옷 숨쉬는 무빙 브라팬티,언더웨어
정말편한속옷 숨쉬는 인견 무빙 브라팬티,언더웨어
정말편한속옷 숨쉬는 인견 브라팬티,언더웨어
제로브라 깃털같은 가벼움 제로 브라팬티,언더웨어
제로브라 무형광 코튼 브라팬티,언더웨어
제로브라 코튼 브라팬티,언더웨어
젬마 인견 셋업,언더웨어
젬마 인견 원피스,언더웨어
조아하다 런닝형 인견 브라탑,언더웨어
조아하다 무형광 면 브라탑,언더웨어
조아하다 사계절함께 코튼 브라탑,언더웨어
조아하다 코튼 런닝형 브라탑,언더웨어
직 25ss 여유 인견 파자마,언더웨어
직 루시헨느 데일리 코튼 란쥬,언더웨어
카파 젤리핏 심리스 퓨징 브라팬티,언더웨어
케이실크 풍기인견 브라팬티,언더웨어
코튼클럽 스테이쿨 올메쉬 기능성 드로즈,언더웨어
퀸즈맥시 보정 텐셀팬티,언더웨어
퀸즈맥시 썸머 아이스 인견팬티,언더웨어
크로커다일 감탄 스킨 바디수트,언더웨어
크로커다일 에어리핏 감탄브라팬티,언더웨어
클라시안 인견 낮잠 브라팬티,언더웨어
텐업 남녀 공용 오가닉 면 튜블러 티셔츠,언더웨어
텐업 여성 퓨어코튼 튜블러 티셔츠,언더웨어
텐텐 푸마 기능성 남성 멀티팬츠,언더웨어
트라이 25신상 에어로쿨 드로즈,언더웨어
트라이 인견100 파자마 5부 팬츠,언더웨어
트라이 프리미엄 모달 드로즈,언더웨어
트라이엄프 레이스 브라팬티 원피스,언더웨어
트라이엄프 젤리 서포터 브라팬티 세컨팬티,언더웨어
특허받은 브이존 기능성 양말,언더웨어
판판1 디어온미 자수 기모본딩 팬츠,언더웨어
판판1 루시헨느 썸머메쉬 란쥬,언더웨어
페리힐즈 인견 이지팬츠 여성,언더웨어
편안함의 신세계 시슬리 올데이 맥시 팬티,언더웨어
푸마 25신상 하이테크 우븐팬츠 여성,언더웨어
푸마 puma 데일리 액티브 브라팬티,언더웨어
푸마 기능성 남성 멀티팬츠,언더웨어
푸마 남성 기능성 멀티팬츠,언더웨어
푸마 남성 트리코트 하이테크 팬츠,언더웨어
푸마 남성 플리스 모크넥,언더웨어
푸마 남성 플리스 이지셋업,언더웨어
푸마 냉감 우븐 셋업,언더웨어
푸마 데일리 긴팔 티셔츠 남성,언더웨어
푸마 데일리 남성 코튼트렁크 랜덤4종,언더웨어
푸마 데일리 코튼 셋업 남성,언더웨어
푸마 듀얼매쉬 언더티셔츠,언더웨어
푸마 듀얼메쉬 언더티셔츠,언더웨어
푸마 드라이셀 드로즈,언더웨어
푸마 밍키 플리스 기모 남성 상하의,언더웨어
푸마 스테디셀러 소재 도트드라이 언더셔츠,언더웨어
푸마 신상 생산no 남성 플리스 이지셋업,언더웨어
푸마 신상 생산no 여성 플리스 이지셋업,언더웨어
푸마 신상 쉴드테크 남녀공용 이지팬츠,언더웨어
푸마 신상 하이테크 남성 이지팬츠,언더웨어
푸마 심리스드로즈7종 랜덤2종,언더웨어
푸마 썸머 티셔츠,언더웨어
푸마 씬 에어 퓨징 브라팬티,언더웨어
푸마 여성 드라이셀 심리스 속바지형 팬티,언더웨어
푸마 올데이 스트레치 7부 팬츠,언더웨어
푸마 웜셀 긴팔티셔츠 남성,언더웨어
푸마 웜셀 모크넥 티셔츠 남성,언더웨어
푸마 융기모 팬츠 여성,언더웨어
푸마 코튼 테리팬츠 여성,언더웨어
푸마 핫썸머 쿨링 드로즈,언더웨어
프로스펙스 25년 신상 에어로쿨 드로즈,언더웨어
프로스펙스 기모가득 여성 벨로아 팬츠,언더웨어
프로스펙스 남성 윈터기모 모크넥,언더웨어
프로스펙스 에어로쿨 드로즈10종,언더웨어
프로스펙스 여성 벨로아 팬츠 특 가,언더웨어
프로스펙스 하이브리드 드로즈,언더웨어
피트인 매직 파워핏 힙업 거들 쉐이퍼,언더웨어
피트인 인견 냉감 팬츠 랜덤1종,언더웨어
피트인 인견 브라원피스,언더웨어
피트인 인견 브라티셔츠,언더웨어
피트인 코지 인견 브라티셔츠,언더웨어
피트인 코튼인견 브라란쥬,언더웨어
피트인 퓨징 쉐이퍼,언더웨어
휠라 fila 퍼포먼스 7부 팬츠,언더웨어
휠라 fila 퍼포먼스 에센셜 브라탑,언더웨어
휠라 데일리 퍼포먼스 브라탑,언더웨어
휠라 로고 기능성 언더셔츠,언더웨어
휠라 액티브 브라팬티,언더웨어
2만원인하 에디션s니트3종,여성의류
ak 앤클라인 밀라노 니트,여성의류
ak 앤클라인 아트웍 티셔츠,여성의류
ak 앤클라인 와이드 팬츠,여성의류
ak앤클라인 nc 블라우스,여성의류
ak앤클라인 밀라노 풀오버,여성의류
ak앤클라인 베스트 셋업,여성의류
ak앤클라인 블루밍 트렌치,여성의류
ak앤클라인 셔링 밴드 팬츠,여성의류
ak앤클라인 써니 트레이닝,여성의류
ak앤클라인 오픈 블라우스,여성의류
exr 경량자켓 여성,여성의류
ggpx 썸머 컬렉션,여성의류
ggpx 원피스 셋업,여성의류
nnf 나일론 셋업,여성의류
nnf 남성 플리스,여성의류
nnf 릴렉스 데님,여성의류
nnf 릴렉스 데님 팬츠,여성의류
nnf 여성 경량 패딩,여성의류
nnf 여성 덤블 점퍼,여성의류
nnf 여성 이지 데님 팬츠,여성의류
nnf 여성 이지 멀티웨어,여성의류
nnf 여성 이지 트레이닝,여성의류
nnf 여성 장기모 셋업,여성의류
nnf 인견 밴딩 팬츠,여성의류
nnf 인견 찰랑 팬츠,여성의류
nnf 인견 혼방 스판 팬츠,여성의류
nnf 카라니트 패딩,여성의류
nnf 코듀로이 장기모 팬츠,여성의류
odv 니트 카라 하프 다운,여성의류
odv 니트 풀오버,여성의류
odv 라이크라 기모 데님,여성의류
odv 레이어드 블라우스,여성의류
odv 메쉬 썸머 원피스,여성의류
odv 보아퍼 슬림핏 팬츠,여성의류
odv 셰인느 블라우스,여성의류
odv 소프트 이지 팬츠,여성의류
odv 체크 셔츠,여성의류
odv 체크 후드 아우터,여성의류
odv 카디건형 풀오버,여성의류
odv 코듀로이 본딩 팬츠,여성의류
odv 쿨 포켓 팬츠,여성의류
odv 쿨샤벳 블라우스,여성의류
odv 트레이닝 셋업 베스트,여성의류
odv 플리츠 블라우스,여성의류
게스 썸머 5부 팬츠,여성의류
꼼빠니아 기모 티블라우스,여성의류
더스튜디오케이 리오셀 하이넥,여성의류
도티 썸머 큐롯 팬츠3종,여성의류
도티 쿨샤벳 테이퍼드 팬츠,여성의류
도티 크링클 썸머 팬츠4종,여성의류
란체티 썸머 쿨 카라티셔츠,여성의류
란체티 여름 냉감 셔츠,여성의류
로베디카파 점퍼 여성,여성의류
로보 램스킨 나파 자켓,여성의류
로보 스웨이드 블루종 재킷,여성의류
르투아 양모 무스탕 자켓,여성의류
리센느 인견 상하의,여성의류
리오벨 호주산 양모 베스트,여성의류
립밤 플리츠 셋업,여성의류
마담4060 니트 레이어드,여성의류
마담4060 인견 팬츠,여성의류
마담4060 풍기인견 팬츠,여성의류
마담4060 플리츠 상하의,여성의류
마담엘레강스 샤벳 자켓,여성의류
마담엘레강스 체크러브 앙상블,여성의류
마리본 니트 베스트,여성의류
막스마라 마누 울코트,여성의류
막스마라 메시 울코트,여성의류
메시제이 코듀로이 기모 팬츠,여성의류
모브온 매직 팬츠,여성의류
모브온 썸머 원피스 가디건,여성의류
모브온 썸머 크로셰 가디건,여성의류
모브온 짱짱 팬츠,여성의류
모브온 크링클 썸머 팬츠,여성의류
몬테밀라노 티블라우스,여성의류
몬테밀라노 핫썸머 셋업,여성의류
밀레 남성 플라이 워킹화,여성의류
바네사린 퀼팅 체크 아우터,여성의류
바띠 샤이니 블라우스,여성의류
바띠 인견 셔츠 블라우스,여성의류
바띠 자카드 앙상블,여성의류
바띠 컴포트 밴딩팬츠,여성의류
바띠 컴포트 슬랙스,여성의류
바띠 프리미엄 썸머 자켓,여성의류
바띠 플로랄 자켓,여성의류
버버리 벌리 바람막이 자켓,여성의류
베네통 로고 반팔티셔츠,여성의류
베네통 에어핏 슬리머,여성의류
벨리츠 여성 썸머 쿨 팬츠,여성의류
벨리츠 여성 인견팬츠,여성의류
브이컷 썸머 티블라우스,여성의류
브이컷 아노락 시어점퍼,여성의류
브이컷 아노락 썸머점퍼,여성의류
브이컷 플리츠 티블라우스,여성의류
블루핏 데님 셔츠,여성의류
블루핏 보이핏 자켓,여성의류
블루핏 스트라이프 니트,여성의류
블루핏 스트라이프 티셔츠,여성의류
블루핏 썸머 와이드 데님,여성의류
블루핏 아트워크 티셔츠,여성의류
블루핏 커브드 데님,여성의류
블루핏 코튼 스판 팬츠,여성의류
블루핏 코튼100 셔츠,여성의류
블루핏 크로셰 앙상블,여성의류
블루핏 트왈 셋업,여성의류
블루핏 플레어 데님 스커트,여성의류
블루핏 헨리넥 풀오버,여성의류
빅히트 모브온 짱짱 팬츠,여성의류
슈페리어 남성 바지,여성의류
스타일제이 플리츠 팬츠,여성의류
시슬리 썸머조거팬츠,여성의류
시슬리 아이콘로고 점퍼,여성의류
썸머 지니나나 릴렉스 데님,여성의류
아놀드파마 남성 패딩 베스트,여성의류
아놀드파마 여성 패딩 베스트,여성의류
아보크 냉감 올인원 자켓,여성의류
아보크 올인원 uv자켓,여성의류
아이그너 핫멜트 롱다운 코트,여성의류
앤클라인 블루밍 숏트렌치자켓,여성의류
앤클라인 블루밍 트렌치 점퍼,여성의류
앤클라인 써니 트레이닝,여성의류
앳클로젯 니팅 데님팬츠,여성의류
앳클로젯 코듀로이 기모 팬츠,여성의류
앳클로젯 하트 퀼팅 자켓,여성의류
없는 에스프리 여성 티셔츠,여성의류
에꼴드파리 스카프 트렌치재킷,여성의류
에꼴드파리 쿨쉬폰 블라우스,여성의류
에꼴드파리 크루즈 블라우스,여성의류
에꼴드파리 트렌치코트 스카프,여성의류
에꼴드파리 플리츠 블라우스,여성의류
에꼴드파리 플리츠 티블라우스,여성의류
에디션s 니트베스트,여성의류
에디션s 모달 티블라우스,여성의류
에디션s 어반 팬츠,여성의류
에디션s 찰떡 라운드니트,여성의류
에디션s 코듀 팬츠,여성의류
에디션s 패딩 스커트,여성의류
에디션s 홀가먼트 니트,여성의류
에디티드 the 재킷,여성의류
에디티드 더 뉴 재킷,여성의류
에디티드 아틀리에 재킷,여성의류
에스까다 여성 실켓 티셔츠,여성의류
에스까다 여성 썸머 재킷,여성의류
엘라코닉 면실크 콤비 셔츠,여성의류
엘라코닉 스팽글 니트 베스트,여성의류
엘라코닉 플리츠 블라우스,여성의류
엘시크 쉬폰 와이드 팬츠,여성의류
엘시크 후드 트렌치 재킷,여성의류
여성 쿨링팬츠,여성의류
오아로 rn팬츠,여성의류
오아로 기모 데일리 셋업,여성의류
오아로 데일리 웜기모 셋업,여성의류
오아로 보아퍼 슬림핏 팬츠,여성의류
오아로 소프트 배기팬츠,여성의류
오아로 울트라텐션 인견 팬츠,여성의류
오아로 인견 팬츠4종,여성의류
오아로 인견팬츠,여성의류
오아로 패딩베스트 상하의셋업,여성의류
오아로 패딩베스트 트레이닝,여성의류
오아로 프린팅 블라우스,여성의류
오아로 플리츠 블라우스,여성의류
오아로 후드 베스트 셋업,여성의류
워모 썸머 라이트 자켓,여성의류
워모 컴포트 스트레치 수트,여성의류
유로 풀스킨 밍크 베스트,여성의류
이상봉에디션 니트,여성의류
이상봉에디션 에어로 점퍼,여성의류
이상봉에디션 퀼팅 블루종,여성의류
인스타일 7부소매 젤리 니트,여성의류
인스타일 rn 팬츠,여성의류
인스타일 밍크 보아퍼 팬츠,여성의류
인스타일 반전 티블라우스,여성의류
인스타일 본딩팬츠,여성의류
인스타일 워셔블 젤리 니트,여성의류
인스타일 인견 스판팬츠,여성의류
인하 헤아린 케이블 니트,여성의류
잭필드 남성 반팔셔츠,여성의류
잭필드 남성 에어리 자켓,여성의류
제이모아 쫀쫀 기모 팬츠,여성의류
젬마 라운드 니트,여성의류
젬마 인견 원피스,여성의류
젬마 인견 이지셋업,여성의류
조스진 데님 베스트,여성의류
조이너스 사브리나 팬츠,여성의류
조이너스 썸머 원피스 자켓,여성의류
조이너스 에어리 웨더 재킷,여성의류
조이너스 에어리 점퍼,여성의류
조이너스 인견 사브리나 팬츠,여성의류
조이너스 인견팬츠,여성의류
조이너스 탠션 기모팬츠,여성의류
조이너스 탠션 사브리나 팬츠,여성의류
존스뉴욕 글리터 후드 집업,여성의류
존스뉴욕 롱다운 트렌치코트,여성의류
존스뉴욕 새틴블라우스,여성의류
존스뉴욕 수트 셋업,여성의류
존스뉴욕 써모어 퀼팅 재킷,여성의류
존스뉴욕 트렌치 코트,여성의류
존스뉴욕 트위드재킷,여성의류
존스뉴욕 프렌치린넨 재킷,여성의류
존스뉴욕 프린트 원피스,여성의류
존스뉴욕 플리츠 블라우스,여성의류
존스뉴욕 후드 롱다운 점퍼,여성의류
존스뉴욕 후드 숏다운 코트,여성의류
지니나나 기모 레깅팬츠,여성의류
지니나나 벨루아 본딩 데님,여성의류
지베르니 faux레더 코트,여성의류
지베르니 구스 다운 팬츠,여성의류
지베르니 매쉬점퍼,여성의류
지베르니 소로나 패딩 코트,여성의류
지베르니 수트상하의 셋트,여성의류
지베르니 아이스 인견 팬츠,여성의류
지베르니 에코 레더점퍼,여성의류
지베르니 여성 구스다운 팬츠,여성의류
지베르니 텐션 수트셋업,여성의류
지베르니 텐션 슬랙스,여성의류
크레송 세미와이드 기모데님,여성의류
크레송 아트웍 티블라우스,여성의류
크레송 탠션 기모 데님,여성의류
태그미 메쉬 티블라우스,여성의류
태그미 선데이 티블라우스,여성의류
태그미 시그니처 밴딩 팬츠,여성의류
태그미 썸머 티블라우스5종,여성의류
태그미 아트웍 티블라우스,여성의류
태그미 플리츠 블라우스,여성의류
태그미 플리츠 티블라우스,여성의류
테드베이커 가디건,여성의류
테디크루 여성 반팔티셔츠,여성의류
테이트 날개사 니트 풀오버,여성의류
테이트 여성 모크넥 기모티,여성의류
테이트 여성 아트웍 티셔츠,여성의류
테이트 튜블러 티셔츠7종,여성의류
텐업 소프트 기모 팬츠 여성,여성의류
트로이 여성 쿨인견 팬츠,여성의류
팔주머니 기모 플리츠 셋업,여성의류
플리츠 소프트 기모 팬츠,여성의류
플리츠미 셔츠 카라 블라우스,여성의류
플리츠미 카라 재킷 셋업,여성의류
험머 여성 아노락 스포티브,여성의류
헤아린 다운 베스트 트레이닝,여성의류
헤아린 케이블 니트,여성의류
헤아린 케이블 집업,여성의류
헤아린 폭스카라 롱구스다운,여성의류
헬렌카렌 뉴 윈터 팬츠,여성의류
헬렌카렌 니팅 트위드 재킷,여성의류
헬렌카렌 블랙에디션,여성의류
헬렌카렌 블루종 티블라우스,여성의류
헬렌카렌 썸머 재킷 원피스,여성의류
헬렌카렌 울 버튼 하프 코트,여성의류
헬렌카렌 인견 스판팬츠,여성의류
js투어 제주도 마라도,여행
nhn여행박사 태항산 여행 2월,여행
no 쇼핑 대만 예 스 지 완벽 여행,여행
nol인터파크 장가계 8월,여행
교원투어 대련 9월,여행
교원투어 대마도 8월,여행
교원투어 망산 10월,여행
교원투어 백두산,여행
교원투어 백두산 6월,여행
교원투어 상해 8월,여행
교원투어 태항산 10월,여행
교원투어 태항산 9월,여행
교원투어 힐링 대마도 여행,여행
노랑풍선 계림 9월,여행
노랑풍선 꽉찬 대만,여행
노랑풍선 나트랑 달랏,여행
노랑풍선 나트랑 달랏 8월,여행
노랑풍선 나트랑 여행 4월,여행
노랑풍선 내몽골,여행
노랑풍선 내몽골 4월,여행
노랑풍선 내몽골 5월,여행
노랑풍선 내몽골 6월,여행
노랑풍선 내몽골 7월,여행
노랑풍선 내몽골 초원 사막,여행
노랑풍선 다낭vs나트랑 9월,여행
노랑풍선 대련,여행
노랑풍선 대련 4월,여행
노랑풍선 대련 7월,여행
노랑풍선 대련 9월,여행
노랑풍선 대만 6월,여행
노랑풍선 대만 7월,여행
노랑풍선 대만 9월,여행
노랑풍선 대만 no쇼핑,여행
노랑풍선 대만 여행 1월,여행
노랑풍선 대만 여행 2월,여행
노랑풍선 대만 여행 3월,여행
노랑풍선 대만 여행 4월,여행
노랑풍선 리장 곤명 10월,여행
노랑풍선 마카오 홍콩,여행
노랑풍선 마카오 홍콩 여행 3월,여행
노랑풍선 망산 10월,여행
노랑풍선 망산 5월,여행
노랑풍선 망산 8월,여행
노랑풍선 망산 샤오동장 대협곡,여행
노랑풍선 방콕,여행
노랑풍선 방콕 4월,여행
노랑풍선 방콕 파타야 vs 푸켓,여행
노랑풍선 방콕파타야 6월,여행
노랑풍선 방콕파타야vs푸켓 4월,여행
노랑풍선 백두산,여행
노랑풍선 백두산 10월,여행
노랑풍선 백두산 5월,여행
노랑풍선 백두산 6월,여행
노랑풍선 백두산 여행 2월,여행
노랑풍선 백두산 여행 3월,여행
노랑풍선 백두산 여행 4월,여행
노랑풍선 베트남 푸꾸옥 3월,여행
노랑풍선 보라카이vs세부 6월,여행
노랑풍선 보홀 vs 세부,여행
노랑풍선 보홀vs보라카이 7월,여행
노랑풍선 보홀vs보라카이 9월,여행
노랑풍선 보홀vs세부 2월,여행
노랑풍선 보홀vs세부 5월,여행
노랑풍선 사이판골프,여행
노랑풍선 서안 여행 2월,여행
노랑풍선 세부 vs 보라카이,여행
노랑풍선 세부vs보라카이 3월,여행
노랑풍선 세부vs보라카이 8월,여행
노랑풍선 장가계 3월,여행
노랑풍선 장가계 6월,여행
노랑풍선 장가계 9월,여행
노랑풍선 장가계 상해 여행 1월,여행
노랑풍선 장가계 여행 2월,여행
노랑풍선 장가계 여행 3월,여행
노랑풍선 중경크루즈,여행
노랑풍선 중경크루즈 여행 4월,여행
노랑풍선 천진 1월,여행
노랑풍선 치앙마이vs라오스 10월,여행
노랑풍선 치앙마이vs라오스 7월,여행
노랑풍선 쿠알라룸푸르,여행
노랑풍선 쿠알라룸푸르 3월,여행
노랑풍선 태항대협곡 보천대협곡,여행
노랑풍선 태항산 7월,여행
노랑풍선 태항산 8월,여행
노랑풍선 태항산 9월,여행
노랑풍선 태항산 여행 1월,여행
노랑풍선 태항산 여행 2월,여행
노랑풍선 태항산 여행 3월,여행
노랑풍선 푸꾸옥,여행
노랑풍선 푸꾸옥 6월,여행
노랑풍선 홍콩 1월,여행
노랑풍선 황산 3월,여행
노랑풍선 황산 항주,여행
모두투어 나트랑달랏vs방콕파타야,여행
모두투어 동남아 전 푸꾸옥,여행
모두투어 하노이,여행
바른투어 단일가 대한항공 샤먼,여행
바른투어 상담예약 대한항공 내몽골,여행
바른투어 상담예약 대한항공 샤먼,여행
바른투어 상담예약 아시아나 내몽골,여행
방콕 파타야 5성 호캉스 힐링 여행,여행
방콕 파타야 매일매일 마사지까지,여행
방콕 파타야 힐링 여행,여행
베트남 하노이 아시아나 항공 특별,여행
보물섬투어 교원투어 내몽골,여행
보물섬투어 교원투어 내몽골 5월,여행
빛나는제주 제주도 3박4일 단일가,여행
슈퍼트래블 노랑풍선 대만 10월,여행
슈퍼트래블 노랑풍선 방콕 파타야,여행
슈퍼트래블 노랑풍선 방콕파타야 1월,여행
슈퍼트래블 노랑풍선 방콕파타야 2월,여행
슈퍼트래블 노랑풍선 방콕파타야 3월,여행
슈퍼트래블 노랑풍선 백두산 6월,여행
슈퍼트래블 노랑풍선 싱가포르,여행
슈퍼트래블 노랑풍선 싱가포르 3월,여행
슈퍼트래블 노랑풍선 장가계 8월,여행
슈퍼트래블 노랑풍선 홍콩 마카오,여행
슈퍼트래블 노랑풍선 홍콩마카오 5월,여행
슈퍼트래블 방콕 파타야 vs 치앙마이,여행
슈퍼트래블 보물섬투어 망산 7월,여행
슈퍼트래블 에어텔닷컴 보홀 2월,여행
슈퍼트래블 여행박사 나트랑 달랏,여행
슈퍼트래블 여행박사 나트랑달랏 3월,여행
슈퍼트래블 여행박사 다낭 여행 4월,여행
슈퍼트래블 온라인투어 장가계 12월,여행
슈퍼트래블 웹투어 다낭호이안,여행
슈퍼트래블 참좋은여행 장가계 10월,여행
슈퍼트래블 투어비스 내몽골,여행
슈퍼트래블 투어비스 내몽골 5월,여행
슈퍼트래블 투어비스 푸꾸옥 10월,여행
슈퍼트래블 투어비스 푸꾸옥 9월,여행
슈퍼트래블 하나투어 내몽골,여행
슈퍼트래블 하나투어 보홀,여행
슈퍼트래블 하나투어 장가계 원가계,여행
야경이 아름다운 도시 홍콩 4성,여행
에서만 마이플로우 쿨 썸머 남성,여행
에어텔닷컴 다낭 호이안,여행
에어텔닷컴 다낭호이안 3월,여행
에어텔닷컴 보홀,여행
에어텔닷컴 보홀 3월,여행
여행먼저 vi 크루즈 스페셜,여행
여행박사 균일가 태항산 vi 리무진,여행
여행박사 다낭 호이안,여행
여행박사 민족의 영산 백두산 여행,여행
여행박사 봄꽃 가득 오사카 여행,여행
여행박사 봄꽃 가득 큐슈 여행,여행
여행박사 장가계 대한항공 no 관광,여행
여행박사 장가계 대한항공 여행,여행
여행의신세계 모두투어 오사카,여행
여행의신세계 모두투어 하노이vs다낭,여행
여행의신세계 한진관광 북해도 하코다테,여행
오늘의여행 제주 오감만족 미식투어,여행
온라인투어 상담예약 왕복직항 장가계,여행
온라인투어 장가계 여행 1월,여행
울릉도 독도 관음도 2박 여행 단일가,여행
웹투어 나트랑달랏,여행
웹투어 다낭vs나트랑,여행
웹투어 다낭호이안,여행
웹투어 다낭호이안 4일5일,여행
웹투어 다낭호이안vs나트랑달랏,여행
웹투어 푸꾸옥,여행
인터파크 320불 상당 no쇼핑 보홀,여행
인터파크 상담예약 꽉 찬 싱가포르,여행
인터파크 상담예약 나트랑 달랏,여행
인터파크 상담예약 대한항공 싱가포르,여행
인터파크 아시아나 대만 여행,여행
전 모두투어 시그니처 고베 오사카,여행
전 모두투어 시그니처 장가계,여행
제이에스라이프 제주여행 완벽,여행
제주도 가파도 갓성비 3박,여행
제주양투어 가파도 제주도 3박4일,여행
제주양투어 제주도 여행 3박4일,여행
중국 태항산 4박5일 단일가,여행
참좋은여행 괌 7월,여행
참좋은여행 다낭 호이안 8월,여행
참좋은여행 망산 8월,여행
참좋은여행 망산 9월,여행
참좋은여행 북경 장가계 2월,여행
참좋은여행 상해 3월,여행
참좋은여행 상해 주가각,여행
참좋은여행 이집트 프리미엄 여행,여행
참좋은여행 일조 청도,여행
참좋은여행 장가계 5월,여행
참좋은여행 장가계 8월,여행
참좋은여행 제남 태항산,여행
참좋은여행 청도 4월,여행
참좋은여행 칭다오 4월,여행
참좋은여행 칭다오3일,여행
참좋은여행 태항산 여행 4월,여행
투어비스 나트랑 달랏,여행
투어비스 나트랑 달랏 6월,여행
투어비스 나트랑달랏 4월,여행
투어비스 다낭 7월,여행
투어비스 다낭 호이안,여행
투어비스 다낭 호이안 6월,여행
투어비스 백두산,여행
투어비스 백두산 6월,여행
투어비스 북경 6월,여행
투어비스 시즌 적기 장가계,여행
투어비스 태항산,여행
투어비스 태항산 6월,여행
투어비스 태항산 9월,여행
투어트리 1절 울릉도 독도 크루즈,여행
투어트리 울릉도 독도 포항 크루즈,여행
필리핀 특급 리조트 보홀 or 세부,여행
필리핀의 보석 보홀 갓성비,여행
하나투어 no 관광 다낭 호이안,여행
하나투어 구채구,여행
하나투어 규슈,여행
하나투어 규슈 카멜리아호,여행
하나투어 나트랑달랏,여행
하나투어 내몽골,여행
하나투어 내몽골 초원 사막,여행
하나투어 다낭 호이안,여행
하나투어 다낭호이안,여행
하나투어 동양의 그랜드캐년 태항산,여행
하나투어 라오스,여행
하나투어 마나도,여행
하나투어 무이산 삼청산,여행
하나투어 방콕파타야,여행
하나투어 백두산,여행
하나투어 백두산 북파 서파,여행
하나투어 보라카이,여행
하나투어 보홀,여행
하나투어 보홀 4일5일,여행
하나투어 보홀 라메디vs헤난타왈라,여행
하나투어 사이판 골프여행,여행
하나투어 샤먼,여행
하나투어 세부 제이파크,여행
하나투어 세부 제이파크 리조트,여행
하나투어 싱가포르,여행
하나투어 오색빛 물의 향연 구채구,여행
하나투어 자연이 그린 명화 장가계,여행
하나투어 장가계,여행
하나투어 천저우 망산,여행
하나투어 천하제일경 황산,여행
하나투어 치앙마이 치앙다오,여행
하나투어 칭다오,여행
하나투어 태항산,여행
하나투어 태항산 면산 평요고성,여행
하나투어 푸껫,여행
하나투어 푸꾸옥,여행
하나투어 홋카이도,여행
하나투어 환상의 화이트비치 보라카이,여행
하나투어 황산,여행
한진관광 최고의 휴양지 대한한공 발리,여행
허니제주 우도해저탐험 잠수함투어,여행
허니제주 제주 감성카페 투어,여행
허니제주 차귀도 에코힐링 투어,여행
허니제주 차귀도 힐링 투어,여행
1일1당근 유기농 당근주스,일반식품
25y 김하진 궁중 la갈비,일반식품
25y 임성근 수제갈비살구이,일반식품
25y 임성근의 국내산 la갈비,일반식품
25y 정성곳간 뼈없는 소갈비찜,일반식품
25y 정성곳간 양념 la갈비,일반식품
25y 정호영 만능새우 260미,일반식품
25y추석 특등급 나주배,일반식품
25년 햇 국내산 절단꽃게 x,일반식품
25년 햇 대저토마토,일반식품
25년산 영양고춧가루,일반식품
3년 숙성 참매실원액 x,일반식품
cj 비비고 순살 고등어구이,일반식품
psk 최신 통관 점보 체리,일반식품
경복궁 본 양념갈비 300gx,일반식품
경북 달코롬 세척 부사 사과 x,일반식품
경북 못난이 사과,일반식품
경북 햇 홍로사과,일반식품
고래사 프리미엄어묵 소스1종,일반식품
고래사어묵 프리미엄 어묵,일반식품
고려은단 안심뇨,일반식품
구룡포 골뱅이 x,일반식품
구본길 양념 안창살 토시살,일반식품
국내산 안동간고등어 x,일반식품
국내산 영산포 숙성 홍어회,일반식품
국내산 직화구이 닭발,일반식품
국내산 직화구이 무뼈닭발,일반식품
근해통발수협 바다장어 소스,일반식품
김나운 명작 프리미엄 la 갈비,일반식품
김민경 우리소 안심 갈비탕 x,일반식품
김민경의 맛있는 안창살 구이,일반식품
김민경의 맛있는 토시살 구이,일반식품
김영근 명인의 도토리 칼국수,일반식품
김영근 명인의 도토리면,일반식품
김하진 국내산 등심 파불고기,일반식품
김하진 궁중 la갈비,일반식품
김하진 별미 포기김치10kg,일반식품
김하진 제주 특대은갈치 20토막,일반식품
김하진 통민물장어구이 생강채,일반식품
김하진 한우 도가니수육탕,일반식품
김하진 한우도가니수육탕 x10팩,일반식품
김하진의 궁중 뼈없는 갈비탕,일반식품
김하진의 궁중 표고버섯 찜갈비,일반식품
김하진의 뼈없는 갈비찜 x,일반식품
나주곳간 양념 la갈비 토시살,일반식품
남재현원장 당장면역 트리플케어,일반식품
늘해랑 해남 꿀 고구마,일반식품
달코롬 경북 세척 부사 사과 x,일반식품
더 정성곳간 강순의 도가니탕,일반식품
도미솔김치 포기 각 갓,일반식품
동서천농협 블루베리,일반식품
동원 왕특대 손질오징어 12마리,일반식품
두번 구운 진도 토종 곱창김 x,일반식품
땅끝애찬 곱창 식탁김 조미김,일반식품
라이블링 애플 파인 쏙 클렌즈,일반식품
레이먼킴 사각피자4종,일반식품
레이먼킴 정성담은 한우 갈비찜,일반식품
만블링 한우,일반식품
만블링 한우 구이,일반식품
만블링 한우 구이 x,일반식품
만블링 한우 등심 안심 스테이크,일반식품
만블링 한우 투뿔구이,일반식품
맑은물에 김석원 낫또 x,일반식품
맛보증 칠레산 생체리,일반식품
명란보감 바른백명란,일반식품
명미당 떡,일반식품
명절엔 손질새우 정호영 만능새우,일반식품
무안 달수 꿀고구마 x,일반식품
문천식 문천식의 소곱창전골 5,일반식품
미국산 블랙라벨 오렌지,일반식품
미도원 제주순수메밀,일반식품
박원숙의 횡성한우 한우곰탕,일반식품
반기수라 반건조 손질 서대 x,일반식품
방송 김하진 궁중 갈비수육탕,일반식품
방송 정성곳간 강순의 도가니탕,일반식품
백종원 백종원의 본가 소갈비찜,일반식품
백종원 백종원의 빽쿡 la갈비,일반식품
백종원 본가 스지도가니탕,일반식품
보로미 쑥찰보리빵 x,일반식품
본 고춧가루,일반식품
부산대저찰토마토 x,일반식품
불났쭈 양념 쭈꾸미 x,일반식품
빅마마 시크릿코인,일반식품
빅마마 이혜정의 맛있는 보리굴비,일반식품
빅마마 이혜정의 맛있는 포기김치,일반식품
빛깔찬 영양 빛깔찬 고춧가루,일반식품
사대부집곳간 녹두 삼계탕,일반식품
사대부집곳간 부세보리굴비,일반식품
사대부집곳간 부세보리굴비 8미,일반식품
산과들에 원데이메이플올넛츠,일반식품
산지직송 햇 부산대저토마토 x,일반식품
삼원가든 얼큰 육개장,일반식품
삼원가든 전통양념갈비,일반식품
삼육 검은콩과 칼슘 삼육두유,일반식품
삼육 검은콩귀리두유 검은콩과칼슘,일반식품
삼진어묵 어묵 어묵전골소스,일반식품
서령 곤지암 한우 소머리곰탕,일반식품
손질 통오징어 x,일반식품
수이비 자보티카바 nfc x,일반식품
수협 국내산 자숙전복 18미,일반식품
수협 자연산 바다장어 45마리,일반식품
수협 제주 광어 어묵,일반식품
슬로푸드 하동 햇 쪼갠매실,일반식품
안동 간고등어 특대 사이즈,일반식품
안동제비원 전통메주 담그기,일반식품
안면도 호박고구마 특상 x,일반식품
양구 펀치볼시래기,일반식품
양평서울 한우해장국,일반식품
양평서울 한우해장국 x,일반식품
에서만 천하일미 닭볶이 콤보,일반식품
엠파크 캘리포니아 오렌지,일반식품
여수 돌산 햇 노지 갓김치,일반식품
여수농협 돌산갓김치,일반식품
여수농협 돌산갓김치 x,일반식품
연안식당 살가득 특 아구찜 소스,일반식품
연안식당 아구찜 소스,일반식품
영광법성포굴비 중장대 40미,일반식품
예미정 안동죽염순살간고등어 x,일반식품
오색버섯 들깨탕,일반식품
온작 이영자 뼈없는 감자탕,일반식품
온작 이영자의 뼈없는 갈비탕 x,일반식품
온작 제주메밀면 20인분,일반식품
올반 바짝 오리불고기,일반식품
완도 도톰한입활전복 손질 도구,일반식품
완도 특 활전복 16미,일반식품
워커힐 고메 갈비찜 x,일반식품
워커힐 고메 노엣지 피자,일반식품
워커힐 고메 한우스지도가니탕,일반식품
워커힐 고메 함박 스테이크,일반식품
워커힐 시그니처 양념la갈비,일반식품
워커힐 시그니처 양념갈비,일반식품
워커힐 포기김치9kg,일반식품
워커힐 한우 안심 스테이크,일반식품
육대장 본점 사골시래기 육개장,일반식품
윤상섭 la갈비,일반식품
윤상섭 la갈비 x 호주산 명절,일반식품
윤상섭 초간편 소갈비찜,일반식품
윤홍일 원장 쌍화차 진,일반식품
이동삼 노르웨이 간고등어,일반식품
이상복 경주빵 녹차빵10개,일반식품
이성미 진 갈비수육탕 x14팩,일반식품
이성미의 꼼꼼한 떡갈비,일반식품
이푸른 삼광 오분도미 지퍼백 x,일반식품
일시불 김하진의 궁중 갈비수육탕,일반식품
임성근 la갈비,일반식품
임성근 국내산 la갈비,일반식품
임성근 국내산 뼈없는 갈비탕 더,일반식품
임성근 국내산 소갈비찜,일반식품
임성근 국내산 특 도가니탕,일반식품
임성근 국내산 특갈비탕,일반식품
임성근 소곱창전골,일반식품
임성근의 국내산 la갈비 x,일반식품
임성근의 국내산 특 갈비탕,일반식품
임성근의 국내산 특 도가니탕,일반식품
임성근의 국내산 특 도가니탕 x,일반식품
임성근의 더아삭한 김치,일반식품
임성근의 진 삼계탕,일반식품
임성근의 진 염소탕,일반식품
임성근의 특 도가니탕,일반식품
임성근의 특 소곱창 전골,일반식품
임성근의 한끗다른 대파육개장,일반식품
임성근의 한끗다른 만능간장 더,일반식품
자연건조 상주 안심곶감 건시 x,일반식품
자연산 손질 통오징어 x,일반식품
자연산 통 손질문어 x,일반식품
자일리톨스톤,일반식품
전통방식 햇 오이지 x,일반식품
정담식 임성근 김치,일반식품
정담식 임성근 포기김치,일반식품
정담식 임성근의 만능간장소스,일반식품
정담식 임성근의 만능간장소스 x,일반식품
정상 김하진의 궁중 찜갈비,일반식품
정성곳간 강순의 포기김치,일반식품
정성곳간 뼈없는 소갈비찜,일반식품
정성곳간 뼈없는 소갈비찜 x,일반식품
정성곳간 양념 la갈비,일반식품
정성곳간 푸짐한 염소탕,일반식품
정일품 못난이 백명란 더,일반식품
정호영 국내산 손질문어,일반식품
정호영 만능새우 260미,일반식품
정호영 손질왕낙지,일반식품
정호영의 만능,일반식품
정호영의 복어맑은탕 x,일반식품
제스프리 골드키위 점보 23과,일반식품
제주 나물,일반식품
제주 보우짱 미니 밤호박,일반식품
제주 참굴비 x,일반식품
제주 참굴비 x 100미,일반식품
제주 참굴비 중장대 60미,일반식품
제주농협 햇살바람 미니단호박,일반식품
제철식품 25년 햇 대저토마토,일반식품
제철식품 경북 못난이 사과,일반식품
조리기능장 임성근의 진 염소탕,일반식품
조리기능장 임성근의 진삼계탕 x,일반식품
조선호텔 닭갈비 x,일반식품
조선호텔 소갈비탕 730gx4팩,일반식품
조선호텔 육개장 x,일반식품
조선호텔 포기김치,일반식품
조선호텔 포기김치 각김치,일반식품
조선호텔 포기김치 갓김치 파김치,일반식품
조선호텔 포기김치 열무얼갈이김치,일반식품
조선호텔 한우 미역국,일반식품
조선호텔 함박스테이크 x,일반식품
조우현 명장의 대가 왕 주꾸미,일반식품
종가 아삭한 포기김치,일반식품
종가 아삭한포기김치,일반식품
종가 파김치 각김치 열무김치,일반식품
지리산처럼 오색버섯들깨탕 x,일반식품
지역특별전 부산대저토마토 x,일반식품
직 25y 임성근의 la갈비,일반식품
직 김하진 궁중 la갈비,일반식품
직 김하진의 궁중 찜갈비,일반식품
직화구이 무뼈닭발,일반식품
직화구이닭발,일반식품
찜콩 농가애 서리태 찜콩,일반식품
착한낙지 착한낙지12팩,일반식품
천하일미 허니쪽갈비 콤보 2,일반식품
최신 통관 psk 칠레산 체리,일반식품
최현석 직화스테이크,일반식품
최현석 토시살 안창살 양념구이,일반식품
최현석 투플러스 한우 불고기,일반식품
최현석 함박스테이크 x,일반식품
최현석 횡성축협 한우 사각피자,일반식품
출고 안동 간고등어 특대 사이즈,일반식품
판판1 경북 못난이 사과,일반식품
판판1 이성미의 꼼꼼한 떡갈비,일반식품
판판1 임성근의 진 염소탕,일반식품
판판2 하효맘 제주과즐,일반식품
프리미엄 청송 주왕산사과 부사,일반식품
하남쭈꾸미 보통매운맛 x,일반식품
하봉마을 전통부각,일반식품
하효맘 제주과즐,일반식품
하효맘 제주과즐 32개,일반식품
한둘 쫄깃 생두부면,일반식품
한복선의 풍미가득 포기김치,일반식품
한우물 볶음밥 명작 랍스터 더,일반식품
항공직송 태국 남독마이 생망고,일반식품
해강 두번구운진도토종곱창김,일반식품
해남 황토 밤고구마,일반식품
해남 황토 햇 꿀고구마 x,일반식품
해농 세번구운 곱창김,일반식품
해초미인 두부면 25인분,일반식품
햇 자연담은 수주촌 고춧가루,일반식품
호주 직수입 데메테르 루피니빈,일반식품
홀베리 1당근 유기농 당근주스,일반식품
홀베리 cca주스,일반식품
홈스랑 향긋한 강원나물밥,일반식품
홍천 김종철의 홍천 약도라지청,일반식품
홍천 쫀득쫀득떠먹는 찰옥수수,일반식품
홍천 찰옥수수범벅 x,일반식품
골드피아 24k순금 럭키 테일 목걸이,쥬얼리
골드피아 24k순금골드바 목걸이,쥬얼리
준우젬 18k 골드핀 볼륨샤인 귀걸이 5종set,쥬얼리
한국금거래센터 24k 순금 클로버 팔찌 24k 순금 엘리자베스 코인,쥬얼리
한국금거래소 24k 순금 1조수표,쥬얼리
한국금거래소 24k 순금 골드바,쥬얼리
한국하나금거래소 24k순금 홀스빗 목걸이,쥬얼리
더플레오 핫썸머 스노우서커베딩 4종sk,침구/카페트
1만인하 밀레 여성 다이얼 방한화,패션잡화
24f 에코에 말랑 고트가죽 부츠,패션잡화
24f 칸투칸 여성 패딩방한화,패션잡화
25s s 캠포릭 여성 썸머 슈즈,패션잡화
bbyb 맨해튼 호보백 컬렉션,패션잡화
bbyb 밀란 백 컬렉션,패션잡화
dnco 디앤코리빙 양우산,패션잡화
lecaf 르까프 남성 에어 러닝화,패션잡화
silver 바,패션잡화
silver 스네이크 팔찌,패션잡화
vw베라왕 크루아상 크로스백,패션잡화
가이거 레인보우 스톤 워치,패션잡화
가이거 파우제 위빙 플랫,패션잡화
게일 큐빅 에어 슬립온,패션잡화
골드피아 24k순금골드바 목걸이,패션잡화
구찌 울 머플러,패션잡화
내셔널지오그래픽 두오모 캐리어,패션잡화
노르웨이소프트 아치 슬라이드 슬리퍼,패션잡화
단독 에어워크 여성 다이얼 방한화,패션잡화
단독 트레블 스토리 커스텀 캐리어,패션잡화
더스튜디오케이 소가죽 슬링인 로퍼,패션잡화
디망쉬 천연소가죽 방한 슬리퍼,패션잡화
뚜르드프랑스 투인원 슬라이드 인솔,패션잡화
띠아르 핫썸머 uv프로텍터,패션잡화
로브르 사피아노 멀티 컬렉션,패션잡화
로젠토 ss 여성 다이얼 트레킹화,패션잡화
로젠토 남성 다이얼 러닝화,패션잡화
로젠토 남성 다이얼 리커버리 워킹화,패션잡화
로젠토 남성 다이얼 트레킹화,패션잡화
로젠토 남성 썸머 다이얼 트레킹화,패션잡화
로젠토 남성 컴포트 다이얼 캐쥬얼화,패션잡화
로젠토 남성 패딩 방한화,패션잡화
로젠토 여성 다이얼락 방한화,패션잡화
루나코어스 양가죽 키높이 스니커즈,패션잡화
르까프 xr 리커버리 남성 워킹화,패션잡화
르까프 남성 슬립온1종 슬리퍼1종,패션잡화
르까프 남성 이지스텝 워킹화,패션잡화
르까프 남성 퍼 워킹화 슬립온,패션잡화
르까프 메쉬 에어워킹화,패션잡화
르까프 방한,패션잡화
르까프 여성 다이나믹 에어 워킹화,패션잡화
르까프 여성 리커버리 워킹화,패션잡화
르까프 여성 신는순간 편한 워킹화,패션잡화
르까프 여성 에어 매쉬 워킹화,패션잡화
르까프 여성 에어 메쉬 워킹화,패션잡화
르까프 여성 에어방한화,패션잡화
르까프 여성 퍼 워킹화 패딩 슬립온,패션잡화
르까프 올뉴 리커버리 워킹슈즈,패션잡화
르까프 캐쥬얼 니트 트레일화,패션잡화
리얼 밍크 유로 풀스킨 밍크 숄,패션잡화
리자데이 레베카 버킷백,패션잡화
마나슬루 양가죽 글램힐 스니커즈,패션잡화
마스케라 여성 보아퍼 에어방한화,패션잡화
마스케라 여성 천연소가죽 앵클 로퍼,패션잡화
마스케라 천연소가죽 보아퍼 방한부츠,패션잡화
마시모 s 여성 리커버리슈즈 슬립온,패션잡화
마시모스포츠 남성 런닝화,패션잡화
마시모스포츠 여성 런닝화,패션잡화
맥스 쿠션 트레킹화 by 꼼빠니아,패션잡화
몽벨 멀티 트래킹 슈즈,패션잡화
몽벨 에어 클라우드 트레킹화,패션잡화
몽벨 여성 부스터 방한화,패션잡화
몽벨 여성 하이무브 트레킹화,패션잡화
밀레 러닝화 여성,패션잡화
밀레 여성 다이얼 바운스 러닝화,패션잡화
바로인 여성 런닝화 크록 샌들,패션잡화
버버리 체크 실크 스키니 스카프,패션잡화
베네통 benetton 패딩 토트백,패션잡화
베네통 메리 제인 스니커즈,패션잡화
베네통 시그니처 쥬얼 샌들,패션잡화
베네통 시그니처 크리스탈 샌들,패션잡화
베네통 아르데코 캐리어,패션잡화
베네통 천연가죽 양털 스니커즈,패션잡화
베네통 쿨 메쉬 샌들,패션잡화
베네통 쿨라이트 메리제인 스니커즈,패션잡화
베네통 크루즈 메쉬 샌들,패션잡화
베네통 패디드토트백,패션잡화
베네통 패딩 스니커즈 부츠,패션잡화
베네통 패딩 토트백,패션잡화
베어파우 코나 샌들,패션잡화
벤포트 샤이닝스타 키높이 스니커즈,패션잡화
보욜라 라운드크로스백,패션잡화
브루노말리 토피노 토트백,패션잡화
브루마스 소가죽 몰리 퍼 앵클 부츠,패션잡화
브루마스 어반 메리노울 스니커즈,패션잡화
브루마스 제니 스니커즈,패션잡화
블루코마티 람프시 로퍼,패션잡화
블루코마티 케노 경량 스니커즈,패션잡화
서포트라이트 트릭 티타늄 선글라스,패션잡화
소가죽 꼼므 컴포트화,패션잡화
소가죽 바브슈 로퍼,패션잡화
소가죽 올리비아 앵글부츠,패션잡화
소옥 암막 자외선차단 양우산,패션잡화
슈리오 로망스 소가죽 샌들스니커즈,패션잡화
슈리오 메리제인 소가죽 위빙 로퍼,패션잡화
슈리오 소가죽 골드 샌들,패션잡화
슈리오 소가죽 꼼므 컴포트 로퍼,패션잡화
슈리오 소가죽 꼼므 컴포트화,패션잡화
슈리오 소가죽 로제 스니커즈,패션잡화
슈리오 소가죽 말랑 컴포트화,패션잡화
슈리오 소가죽 바브슈 로퍼,패션잡화
슈리오 소가죽 블링스타 스니커즈,패션잡화
슈리오 소가죽 소프트 앵클부츠,패션잡화
슈리오 소가죽 앵클스니커즈,패션잡화
슈리오 소가죽 올리비아 앵글부츠,패션잡화
슈리오 소가죽 올리비아 앵클부츠,패션잡화
슈리오 소가죽 왈라비 모카슈즈,패션잡화
슈리오 소가죽 위빙 로퍼,패션잡화
슈리오 소가죽 키높이 스니커즈,패션잡화
슈리오 소가죽 파스텔 샌들스니커즈,패션잡화
슈리오 소가죽 펀칭 레이스업 슈즈,패션잡화
슈리오 소가죽 허그 슬립온,패션잡화
슈리오 소가죽파스텔 샌들스니커즈,패션잡화
슈리오 소보로 컴포트 스니커즈,패션잡화
슈리오 양가죽 숏 앵클 부츠,패션잡화
슈리오 에어삭스 스니커즈,패션잡화
슈리오 에어플로우 스니커즈,패션잡화
슈리오 쥬얼리 스트랩샌들,패션잡화
슈리오 쿨매쉬 샌들 스니커즈,패션잡화
슈리오 퀼팅니트 스니커즈,패션잡화
슈리오 키높이 어반 스니커즈,패션잡화
슈리오 플로라 매시 컴포트화,패션잡화
슈리오 헤라 소가죽 키높이 샌들,패션잡화
슈마커x웨버 브리즈 컴포트 메리제인,패션잡화
스위스밀리터리 자외선차단 고글2종,패션잡화
스케쳐스 여성 고런 나우 워킹화,패션잡화
스케쳐스 여성 고워크 나우 슬립인스,패션잡화
스케쳐스 여성 고워크 아치핏 샌들,패션잡화
스케쳐스 여성 메리제인 슬립인스,패션잡화
스케쳐스 여성 아치핏 디럭스 워킹화,패션잡화
스케쳐스 여성 아치핏 슬립인스,패션잡화
스코노 여성 올데이 방한 스니커즈,패션잡화
스튜디오 제타 쿠르바백,패션잡화
슬레진저 남성 워킹화1종 슬립온1종,패션잡화
시슬리 울캐시미어 니트머플러,패션잡화
시슬리 쿨썸머 레이스 스니커즈,패션잡화
신상 아보크 샤이니 샌들,패션잡화
신상 에코에 양가죽 위빙 로퍼,패션잡화
아메리칸투어리스터 노블라이트 캐리어,패션잡화
아메리칸투어리스터 큐리오 캐리어,패션잡화
아보크 eva 운동화,패션잡화
아보크 구름 멀티 슬리퍼,패션잡화
아보크 론칭 그대로 힐링슈즈1,패션잡화
아보크 멀티 수납백,패션잡화
아보크 발 편한 샌들1종 슬리퍼1종,패션잡화
아보크 샤이니 샌들,패션잡화
아보크 스노우 패딩 슈즈,패션잡화
아보크 아치 슬리퍼,패션잡화
아보크 앵클부츠,패션잡화
아보크 클라우드 에어홀 슈즈,패션잡화
아보크 투웨이 윈터 샌들 2종,패션잡화
아보크 퍼 클로그 윈터 슈즈,패션잡화
아보크 플러피 슬립온,패션잡화
아보크 플러피 슬립온 슬리퍼,패션잡화
아키클래식 리커버리 방한화 남성,패션잡화
안나수이 샐리 선글라스,패션잡화
안나수이 시그니처 티타늄 선글라스,패션잡화
알도 에티엔 스니커즈,패션잡화
에버라스트 로제 여성 가방,패션잡화
에스까르고 발편한 웨지 스니커즈,패션잡화
에스까르고 샤이니 뮬 슬리퍼,패션잡화
에스까르고 웨지 스니커즈,패션잡화
에스까르고 키높이 볼륨 샌들,패션잡화
에어워크 여성 다이얼 방한화,패션잡화
에코에 고트 말랑 샌들,패션잡화
에코에 고트가죽 말랑 컴포트화,패션잡화
에코에 소가죽 위빙 컴포트화,패션잡화
에코에 양가죽 리본 샌들,패션잡화
에코에 양가죽 셔링 샌들,패션잡화
에코에 양가죽 위빙 로퍼,패션잡화
에코에 컴포트 양가죽 스니커즈,패션잡화
에코에 헤리티지 클래식 로퍼,패션잡화
엘르 양말 압박밴드 수납함,패션잡화
엘르 헤브스니커즈,패션잡화
여성 밀레 경량 러닝화,패션잡화
여성 스케쳐스 go run 워킹화,패션잡화
여성 스케쳐스 고워크 나우 슬립인스,패션잡화
여성 스케쳐스 고워크 마사지핏,패션잡화
여성 스케쳐스 고워크 맥스쿠셔닝,패션잡화
여성 스케쳐스 고워크 아치핏 샌들,패션잡화
여성 스케쳐스 맥스쿠셔닝 서스펜션,패션잡화
여성 스케쳐스 맥스쿠셔닝 프로펄션,패션잡화
여성 스케쳐스 아치핏 글라이드 스텝,패션잡화
여성 스케쳐스 아치핏 슬립인스,패션잡화
오브엠 여성 기모 클래식 부츠,패션잡화
오브엠 여성 쥬얼 윈터 부츠,패션잡화
온즈 onsz 실크스카프 컬렉션,패션잡화
올리 스퀘어 스판 앵클부츠,패션잡화
올리 엘라스틱 밴딩 샌들,패션잡화
올리 이지 샌들,패션잡화
올리 퀼팅 키높이 스니커즈,패션잡화
월드컵 남성 스텝에어 워킹화,패션잡화
월드컵 남성 원터치다이얼 워킹화,패션잡화
월드컵 남성 패딩 슬립온,패션잡화
월드컵 다이얼 어반 트레일 런닝화,패션잡화
월드컵 다이얼 트레일러닝화 여성,패션잡화
월드컵 스텝에어 워킹화,패션잡화
월드컵 스텝에어 워킹화 남성,패션잡화
월드컵 스프린터 워킹화 여성,패션잡화
월드컵 시티런 하이쿠션 런닝화,패션잡화
월드컵 아치쿠셔닝 워킹화 여성,패션잡화
월드컵 여성 시원한 매쉬 워킹화,패션잡화
월드컵 여성 아치서포트 쿠션워킹화,패션잡화
월드컵 여성 아치쿠션 워킹화,패션잡화
월드컵 여성 에어 워킹화,패션잡화
월드컵 여성 원터치다이얼 워킹화,패션잡화
월드컵 여성 쿠션업 워킹화,패션잡화
월드컵 여성 키높이 워킹화,패션잡화
월드컵 하이쿠션 워킹화 여성,패션잡화
웨버 브리즈컴포트 메리제인 스니커즈,패션잡화
이상봉에디션 여성 썸머 버킷햇,패션잡화
인하 아드노 앰버린 양털부츠,패션잡화
잘모이 카이만 악어 핸드백,패션잡화
지프 남성 방한화,패션잡화
직 트레블스토리 커스텀 캐리어,패션잡화
직 플로쥬 소가죽 셔링 앵클 부츠,패션잡화
칸투칸 24f 남성 패딩 방한화,패션잡화
칸투칸 남성 다이얼 트레킹화 런닝화,패션잡화
칸투칸 남성 다이얼락 트레킹화,패션잡화
캠포릭 썸머 트레킹 샌들 남성,패션잡화
캠포릭 여성 다이얼락 패딩부츠,패션잡화
컴피스톤 남성 메리노울 슈즈,패션잡화
컴피스톤 리나 스니커즈,패션잡화
컴피스톤 버클 레더 샌들,패션잡화
컴피스톤 소가죽 르메 뮬,패션잡화
컴피스톤 양가죽 릴리 슬링백,패션잡화
컴피스톤 여성 메리노울 슈즈,패션잡화
컴피스톤 여성 메리노울 스니커즈,패션잡화
컴피스톤 여성 메리노울 운동화,패션잡화
컴피스톤 울 페니 컴포트화,패션잡화
컴피스톤 호주산 울 스니커즈,패션잡화
키플링 라지백팩,패션잡화
타고가요 캐리어,패션잡화
트래커 뉴클래식 프리미엄캐리어,패션잡화
트래커 링고 여행용캐리어,패션잡화
페이유에 프렌치 스니커즈,패션잡화
플로쥬 소가죽 셔링 앵클 부츠,패션잡화
플로쥬 소가죽 키높이 코지 컴포트화,패션잡화
플로쥬 양가죽 메리제인 컴포트화,패션잡화
플로쥬 양가죽 앨리트 페니 로퍼,패션잡화
플로쥬 양가죽 엘리트 페니 로퍼,패션잡화
플로쥬 양가죽 웨지 메리제인,패션잡화
플로쥬 켄달 하이탑 융기모 부츠,패션잡화
한국금거래소 24k 순금 골드바,패션잡화
해리메이슨 젤라또백,패션잡화
헌터 트래블 선글라스,패션잡화
헤베도나 아쿠아 레져 멀티 슈즈,패션잡화
헤베도나 여성 아쿠아 레져 멀티화,패션잡화
헬시온 소가죽 플랫폼 샌들,패션잡화
헬시온 양가죽 이지슬립 스니커즈,패션잡화
클라비스 비타 팔찌목걸이,헬스/레저
테이핑테크 3세대 gx x 9블럭 허리보호대,헬스/레저
테이핑테크 4세대 무릎집중형 무릎보호대,헬스/레저
테이핑테크 st 슬림 팔꿈치 손목보호대,헬스/레저
테이핑테크 토탈케어 ems 마사지기,헬스/레저
(1세트)닥터조인 무릎관절 지지 의료기기,리빙
(1세트)닥터조인 무릎관절 지지 의료기기,렌탈서비스
(26SS 신상) FILA 에센셜 퍼포먼스 7부 팬츠 (3종),레포츠의류
(26SS 신상) 라페어 에어리 파우더 뜨왈 팬티 (10종),언더웨어
(26SS 최신상) 1초쿨 선풍기조끼,레포츠의류
(26SS)(남여공용) 푸마 모션드라이 데일리 기능성 티셔츠 6종,언더웨어
(26년최신상/웅니버스)오스템 와픽 UV 프리미엄 핸디 구강세정기 1+1세트+혀클리너팁 2개,리빙
(50프로 세일) 블라우풍트 음성증폭기+ 보조배터리 증정,리빙
(A)[무]흥국생명 다사랑 암보험(사은품 레오폴디 후라이팬 3종),금융
(기획특가) 환스 남성 기능성 이지웨어 5부 팬츠 (4종),언더웨어
(더블)베지톨로지 비니페린 앰플 6병 + (방송에서만)체험분 4매,뷰티
(방송에서 6박스 더)통째로 갈아만든 블루베리 퓨레 100 6박스에 6박스 더(12박스) | 원산지 : 상품정보 참조,건강식품
"(방송에서만 4박스 더!)[홀베리]유기농 블루베리 8+4박스 (총 12박스, 168포)",건강식품
(방송에서만)베르그뮐레 전동 후추 그라인더 풀세트,리빙
(방송중+날개없는선풍기)에버콜라겐 레티놀 A 76주분 (56정X19병),뷰티
(방송중에만)▲카사베르디 유기농 레드와인 비니거 6+2병+디스펜서▲ | 원산지 : 상품정보 참조,건강식품
(수정샵)클로리에_은컬렉션,쥬얼리
(썸머 기획가) 아놀드파마 남성 냉감 이지웨어 셋업 (4종),언더웨어
(최종가) 크로커다일 한겹 바디수트(총 3종),언더웨어
[26SS최신상] 도티 썸머 배럴 9부 팬츠 여성3종(D6R9W),공용의류
[26SS최신상] 블루핏 26SS 에어로 팬츠 3종,여성의류
[26SS최신상] 블루핏 NEW 스트라이프 티셔츠 4종,공용의류
[26SS최신상] 블루핏 자수 티셔츠 3종,공용의류
[26SS최신상] 블루핏 캡슬리브 티셔츠 4종,공용의류
[26년최신상] 울시 여성 에어홀 점퍼,레포츠의류
[26핫썸머 BEST]신세계맨즈컬렉션 핫썸머 팬츠3SET,공용의류
[2만원인하]26SS 이지코지 냉감 스판 이지웨어 6종(여성),언더웨어
"[CalvinKlein] 캘빈클라인 26SS 시그니처 rib 슬리브리스 3종 + 티셔츠 1종, 여성",레포츠의류
"[LA GEAR] 엘에이기어 최종가! 기능성 냉감(ICE) 스트레치 팬츠 3종, 여성",레포츠의류
"[SK단독 이혜진패키지] 더 블랙 프리미어 기초 4종 완벽 2세트(스킨,로션,크림, 아이크림,쇼핑백)",뷰티
[나인닷] 지압 순환 머신 2 IN 1,리빙
[단독/히트상품]26SS 벨리츠 여성 올데이 인견 파자마 팬츠4종,언더웨어
[단독기획가]26SS 벨리츠 여성 인견 가든셋업 6종,언더웨어
[도티] 썸머 커브드 데님 여성2종(D6B8W),공용의류
"[런칭가59,900원→2만원↓] 브이컷 26SS 썸머 크링클 셔츠 3종",공용의류
"[런칭가69,900원→1만원↓] 브이컷 26SS 썸머 인견 블라우스 3종(후드2종+카라1종)",공용의류
[론칭가 159만원→ 60만원↓] 블루핏X로보 스페인 라도마 더블 롱 무스탕 (리버시블),여성의류
"[론칭가 499,000원→10만원↓] 블루핏X로보 이태리 스웨이드 자켓",공용의류
"[론칭가 69,900원→2만원↓] 블루핏 26SS 에어로 블라우스 3종",공용의류
"[론칭가 69,900원→3만원↓] 블루핏 26SS NEW 하프 데님 2종",공용의류
"[론칭가 79,900원→1만원↓] 블루핏 NEW 시어니트 가디건 3종",공용의류
"[론칭가 79,900원→2만원↓] 블루핏 26SS 에어로 팬츠 3종",공용의류
"[론칭가 89,900원→2만원↓] 블루핏 NEW 썸머 와이드 데님 3종",공용의류
"[론칭가69,900원→2만원↓] 블루핏 슬리브리스 니트탑 3종",공용의류
"[론칭가79,000→1만원↓] 블루핏 아일렛 블라우스 SET",공용의류
[무료체험 10일] ★아메리카노+배달의민족 3만원★ (초등)엘리하이 또는 (중등)엠베스트,렌탈서비스
[무료체험 14일] ★커피쿠폰 3만원 100프로 증정★ (초등)엘리하이 또는 (중등)엠베스트,렌탈서비스
[반값세일/나인닷] 지압 순환 머신 2 IN 1,리빙
[반값세일] 클라비스 비타 팔찌+목걸이 세트,리빙
[방송에서만 10주분] 김오곤 원장의 한방(One Punch) 다이어트 환,건강식품
[방송에서만 2만원 인하] 블루핏 26SS NEW 하프 데님 2종,여성의류
[방송에서만 동일상품 1개 더] 더창 볼륨핏 인모 가발 1+1 / 꼬리빗 세트,뷰티
[방송에서만 완벽더블] 뉴밋 야생 하스카프베리 NFC 착즙 12박스(168포),건강식품
"[방송에서만/더블/6세트]레드닥터 벤업 라이프 시리즈(여성또는남성선택,컬러상이)",리빙
"[방송에서만/의료기기/넥필]거북목 및 목디스크 치료기! 국내제조, 한국의료기기 안전정보원 인증(디스크, 경추, 추간판탈출증치료목적)",리빙
[방송에서만] 카사베르디 레드와인비니거 6병 + 2병 + 휴대용기 세트,건강식품
[방송에서만세일] 뉴밋 유기농 엑스트라버진 올리브오일 피쿠알 10박스 | 원산지 : 상품정보 참조,건강식품
[방송중 더블] 안성재 pick! 카사베르디 유기농 레드와인비니거 6병 + 2병 + 휴대용기 1개,건강식품
[벨리츠] 26SS 여성 썸머 쿨 팬츠 4종,공용의류
[상시] 보넬 아이엠 당근 NFC 착즙주스 1L*15병,건강식품
[신세계단독] 게스(GUESS) 썸머 5부 팬츠(남여공용) 4종,언더웨어
[썸머패키지] 테이핑테크 슬개건 보호대 2 SET + 팔토시 3 SET,리빙
[쏘헤어]아르간오일 샴푸 1000gX4병 + 방송에서만 무료체험 7ml X10개,뷰티
[앱10%할인][방송최저가]26SS 푸마 기능성 에어핏 남성 팬츠 3종,언더웨어
[앱10%할인][방송최저가]26SS 푸마 드라이셀 소로나 원피스 4종,언더웨어
[여행의신세계]여기어때 장가계 직항! 기사경비포함/전국출발/5성호텔 599천원부터!,여행
[웅니버스] 워모 26썸머 팬츠 3종,공용의류
[웅니버스]26썸머 인터메조 데일리 자켓 1종,공용의류
[채널1]○(무)AIA원스톱프리미엄암보험(갱신형)(IH저압압력솥+프라이팬2종세트),금융
[채널1]O또걸려도또받는 간편한암보험(스텐냄비6종),금융
[초특가] 무엘올리바 엑스트라버진 올리브오일 500ML 5병 | 원산지 : 상품정보 참조,건강식품
[트래블페스타] 도쿄 3/4일 ★NO선택관광+NO가이드경비+NO유류세인상★,여행
[특집전]하나투어 스테디셀러 상품! ?대만! 항공+월드체인호텔+특식+간식+No단체쇼핑+지우펀 야경! 599천원부터,여행
◇SK단독! 60만원 증정◇ 쿠쿠정수기 _무료상담신청,렌탈서비스
★[방송에서만 이가격/의료기기]★ 거북목 및 목디스크 치료기,리빙
★방송에서만★(Q)아이스Max 쿨드론 냉감침구 7종 풀패키지(패드2+이불1+베개커버2+베개2),리빙
26SS [비버리힐즈폴로클럽] 소가죽 리아 샌들로퍼,패션잡화
26SS [아보크] 밸런스핏 투웨이 샌들 2종,패션잡화
26SS [캠포릭] 여성 다이얼핏 메쉬 워킹화,패션잡화
26SS SUMMER 신세계맨즈컬렉션 냉감 재킷,공용의류
26SS SUMMER 신세계맨즈컬렉션 핫썸머 팬츠 3SET,공용의류
26SS SUMMER 신세계맨즈컬렉션 핫썸머 풀오버 2SET,공용의류
26SS 기라로쉬 피마 코튼 반팔카라니트 3종,공용의류
26SS 남성 다이얼 썸머 트레킹화(방송에서만 이 가격),패션잡화
26SS 도티 여성 썸머 인견 배럴 팬츠(D6R9W),공용의류
26SS 도티 여성 썸머 커브드 쿨팬츠 3종 (D6N8W),공용의류
26SS 도티 여성 인견 와이드 팬츠 3종 (D6RWW),공용의류
26SS 라렌느 인견 쿨링 와이드 팬츠 4종,언더웨어
26SS 세라 드로우 스트링 백 1종,패션잡화
26SS 신상 썸머 트레킹 샌들 남성,패션잡화
26SS 아놀드파마 기능성 쿨티셔츠 남성 5종,언더웨어
26SS 여성 립스판 스판 썸머셋업 3종 (S606W)!,레포츠의류
26SS 여성 시어서커 에어리 셋업 3종 (F603W),공용의류
26SS 여성 시어서커 에어리 팬츠 3종 (R605W),레포츠의류
26SS 여성 썸머 트리코트 쿨링 팬츠 4종,공용의류
26SS 옴니테크 원피스+반팔티 총 2종,레포츠의류
26SS 윈드 웨이브 플랫폼 샌들 여성,패션잡화
26SS 인터메조 썸머워셔블 수트 2세트,공용의류
26SS 잭니클라우스 남성 반팔 카라티 3종세트,공용의류
26SS 잭니클라우스 남성 인견100 팬츠 3종,언더웨어
26SS 잭니클라우스 남성 하프팬츠 2종,언더웨어
26SS 캘빈클라인 핫썸머 쿨링 드로즈 6종 패키지,언더웨어
26SS 트렉스타스포츠 여성 올인원 세트 (3종+파우치),레포츠의류
26SS 트로이 여성 쿨인견 팬츠 1+1,공용의류
26SS 펠틱스 썸머 멀티 셋업 3종 (여성) [F603W],공용의류
26SS 하프팬츠 2종 남성,공용의류
26년] 남성 네파 이젠벅 썸머 트레킹 슈즈,패션잡화
AGK 전동강판 ★일명 전동맷돌★,가전
BENETTON 샤인스톤 쥬얼 샌들 (세일),패션잡화
DB손해보험_운전자보험,금융
RCBPC_자켓+팬츠(썸머),레포츠의류
게스 썸머 이지셋업 2세트(남여공용),언더웨어
게스_이지팬츠,언더웨어
균열보수키트 1+1세트,리빙
기라로쉬 26SS 스프링 치노팬츠 2종,공용의류
남성 썸머 다이얼 트레킹화(방송 혜택가),패션잡화
네일마스터_손톱관리기,뷰티
닥터벨트 에어핏 척추견인 근육통완화 의료기기,리빙
더든든우리집행복지킴이 (리모컨서큘레이터),금융
데이즈온_파라다이스그레인,건강식품
도티 26SS 시그니처 볼륨 데님 여성2종 D6BDW,공용의류
도티 26SS 썸머 배럴 팬츠 여성 3종 D6NTW,공용의류
도티 26SS 썸머 인견 데님 여성 2종 (D6B8W),공용의류
도티 26SS 인견 냉감 볼륨 팬츠 여성 3종 (D6NBW),공용의류
도티_썸머데님팬츠(26SS),공용의류
도티_썸머배럴밴딩팬츠,공용의류
도티_썸머와이드팬츠,공용의류
동아제약_검가드,리빙
라오메뜨_패치(중형),리빙
란체티 26SS 여름 냉감 카라티 4종,공용의류
란체티_카라티셔츠,공용의류
레드닥터_의료기기,리빙
레드캠프_냉감팬츠,공용의류
마디에데_패치,리빙
몽크로스_바디서큘레이터,레포츠의류
발패치 60매+(방송에서만)무료체험 10매,리빙
방송에서만] 스포틀러 원더바이크 이수지 접이식 실내자전거 (방송에서만 안장커버 증정),리빙
방송에서만] 스포틀러 원더바이크 이수지 접이식 실내자전거[율] (방송에서만 안장커버 증정),리빙
벨리츠 26SS 남성 아이스 냉감 트랙수트,공용의류
브이컷 26SS 면100 튜블러 7부소매 티셔츠 5종,여성의류
블라우풍트 BLDC 에어홀 에어이지 헤어드라이기+거치대+파우치 세트,가전
블라우풍트 음성증폭기,리빙
블라우풍트_음성증폭기,리빙
선일금고_금고,리빙
슈리오 소가죽 주얼 키높이 샌들,패션잡화
"슈틸루스터 냉감 터보 선풍기베스트 1종(배터리포함), 남녀공용 (ST-FV100)",레포츠의류
시그니처 케어 칫솔 더블구성 (20+1개 무료체험),리빙
시나몬랩_이알하나,건강식품
신미사_자세교정운동화(다이얼),리빙
신미사_자세교정운동화(바로워크),리빙
신미사_족저근막지지슬리퍼,리빙
신영와코루 뜨왈 파자마 2세트(여성),언더웨어
실버 빅 볼 목걸이 + 글리터 목걸이 세트 (방송),쥬얼리
쏜데이_워터건,리빙
아이릴리_이지웨어,언더웨어
아치나인_기능성슬리퍼,리빙
아치솔 족저근막 기능성 슬리퍼,리빙
에콕스 26SS 여성 썸머 인견 팬츠 3종,공용의류
엑스트라버진 유기농 올리브유 10박스(10ml*14포*10박스) | 원산지 : 상품정보 참조,건강식품
"엣츠 26SS 기능성 아이스 냉감 팬츠 3종, 여성",레포츠의류
여성 고워크 슬립인스 샌들,패션잡화
오렐리안_풍기인견브라탑,언더웨어
울시 26SS 여성 썸머 가디건 2종,레포츠의류
울시 26SS 여성 에어홀 점퍼,레포츠의류
울시_남성의류(팬츠+티),레포츠의류
워모 26썸머 팬츠 3종,공용의류
이지듀_톤업크림,뷰티
인터메조 26 썸머 린넨 블렌디드 자켓 1종,공용의류
잭니클라우스_카라티셔츠,레포츠의류
조임핏 운동기구,리빙
체르니바이PAT_여름팬츠,공용의류
체르니바이PAT_카라티셔츠(여름),공용의류
캠포릭 썸머 트레킹 샌들 [남성],패션잡화
크랙몬스터_크랙보수제,리빙
크랙몬스터_크랙보수제,금융
테이핑테크_무릎보호대(7세대),리빙
특허받은 아치솔 족저근막 슬리퍼,리빙
펠틱스_5부팬츠,공용의류
푸마_이지팬츠(7부),언더웨어
핀란드_빌베리,건강식품
한샘인테리어_시공,렌탈서비스
헤르젠 의류관리기 1+1,가전
홀푸드_블루베리퓨레,건강식품
휴렉 히트 4L 대용량 HD-9100HTH (화이트에디션),리빙
